<?xml version = '1.0' encoding = 'UTF-8'?>
<Diagram class="oracle.dbtools.crest.swingui.relational.DPVRelational" name="Relational_1" id="AE3134E5-B4BE-6074-E130-A86B3EA6896B">
<createdBy>Y409-PCXX</createdBy>
<modifiedBy>Y409-PCXX</modifiedBy>
<createdTime>2024-10-24 14:44:42 UTC</createdTime>
<autoRoute>false</autoRoute>
<boxInbox>true</boxInbox>
<showLegend>false</showLegend>
<showLabels>false</showLabels>
<showRelAttributes>false</showRelAttributes>
<gridEnabled>false</gridEnabled>
<showGrid>false</showGrid>
<diagramColor>-1</diagramColor>
<display>false</display>
<notation>1</notation>
<objectViews>
<OView class="oracle.dbtools.crest.swingui.relational.TVTable" oid="02ACE49D-F775-1F97-B21D-70B65BF7E282" otype="Table" vid="61FBF4E6-0A12-2D1F-D019-D1C992D0829B">
<hideElementsInCurrentOnly>false</hideElementsInCurrentOnly>
<bounds x="306" y="5" width="220" height="187"/>
</OView>
<OView class="oracle.dbtools.crest.swingui.relational.TVTable" oid="09C0E105-253E-2556-D181-A5039CBFA088" otype="Table" vid="23DF30F7-DD9E-A37E-B26D-BA005688128C">
<hideElementsInCurrentOnly>false</hideElementsInCurrentOnly>
<bounds x="3" y="450" width="280" height="121"/>
</OView>
<OView class="oracle.dbtools.crest.swingui.relational.TVTable" oid="1BEA6FD4-FBF3-DCF4-94CF-07043B4810F3" otype="Table" vid="069A23DF-9BAE-AF45-3A5A-360F935C5699">
<hideElementsInCurrentOnly>false</hideElementsInCurrentOnly>
<bounds x="3" y="0" width="250" height="213"/>
</OView>
<OView class="oracle.dbtools.crest.swingui.relational.TVTable" oid="615595AA-688B-8564-B2EC-183208AB531F" otype="Table" vid="2B4B54AE-807A-6E74-4691-48FCD3C877E9">
<hideElementsInCurrentOnly>false</hideElementsInCurrentOnly>
<bounds x="414" y="231" width="279" height="121"/>
</OView>
<OView class="oracle.dbtools.crest.swingui.relational.TVTable" oid="851F990F-E5C2-D569-CD62-B683A775E595" otype="Table" vid="F8995F0C-80C3-0E4D-5666-5E44AE0A47A0">
<hideElementsInCurrentOnly>false</hideElementsInCurrentOnly>
<bounds x="435" y="396" width="316" height="199"/>
</OView>
<OView class="oracle.dbtools.crest.swingui.relational.TVTable" oid="938A6080-B3A6-1AE3-AC52-49508BC2F86D" otype="Table" vid="4CB399FF-F78A-56E8-34E3-3F2647340A92">
<hideElementsInCurrentOnly>false</hideElementsInCurrentOnly>
<bounds x="850" y="470" width="200" height="95"/>
</OView>
<OView class="oracle.dbtools.crest.swingui.relational.TVTable" oid="B785D149-95F2-0EDD-3D85-90AE601E3217" otype="Table" vid="EFD3F90F-64D3-A702-0613-FB31864EF323">
<hideElementsInCurrentOnly>false</hideElementsInCurrentOnly>
<bounds x="824" y="127" width="240" height="149"/>
</OView>
<OView class="oracle.dbtools.crest.swingui.relational.TVTable" oid="B78D7AF4-EB6C-66B3-45F3-42755F5B6745" otype="Table" vid="BA5B9804-2C93-6099-983F-2CD06C2A8E58">
<hideElementsInCurrentOnly>false</hideElementsInCurrentOnly>
<bounds x="803" y="2" width="168" height="78"/>
</OView>
<OView class="oracle.dbtools.crest.swingui.relational.TVTable" oid="D1E1262C-35CA-0233-B685-4901B8CBE1A3" otype="Table" vid="2DA07822-8BA8-AC8B-7150-18DBD6054D5F">
<hideElementsInCurrentOnly>false</hideElementsInCurrentOnly>
<bounds x="566" y="7" width="205" height="166"/>
</OView>
<OView class="oracle.dbtools.crest.swingui.relational.TVTable" oid="EEAAAE63-D852-25E9-7554-3C5636FC6F57" otype="Table" vid="7F8FA1AC-FF1A-92F6-BE10-9AD05430C408">
<hideElementsInCurrentOnly>false</hideElementsInCurrentOnly>
<bounds x="822" y="311" width="251" height="108"/>
</OView>
</objectViews>
<connectors>
<Connector class="oracle.dbtools.crest.swingui.relational.TVFKRelation" oid="08DE51E4-59C7-CF70-2EB1-F7C56B921F9A" otype="FKIndexAssociation" vid_source="BA5B9804-2C93-6099-983F-2CD06C2A8E58" vid_target="EFD3F90F-64D3-A702-0613-FB31864EF323">
<hideElementsInCurrentOnly>false</hideElementsInCurrentOnly>
<backgroundColor>-16777216</backgroundColor>
<lineWidth>1</lineWidth>
<points>
<point x="897" y="80"/>
<point x="897" y="127"/>
</points>
</Connector>
<Connector class="oracle.dbtools.crest.swingui.relational.TVFKRelation" oid="14CB38A2-4FDB-CC1D-0AA7-E8AB9EA7BAB3" otype="FKIndexAssociation" vid_source="4CB399FF-F78A-56E8-34E3-3F2647340A92" vid_target="7F8FA1AC-FF1A-92F6-BE10-9AD05430C408">
<hideElementsInCurrentOnly>false</hideElementsInCurrentOnly>
<backgroundColor>-16777216</backgroundColor>
<lineWidth>1</lineWidth>
<points>
<point x="950" y="470"/>
<point x="950" y="419"/>
</points>
</Connector>
<Connector class="oracle.dbtools.crest.swingui.relational.TVFKRelation" oid="64086C24-82E0-7300-97E0-F50BA6885AA7" otype="FKIndexAssociation" vid_source="F8995F0C-80C3-0E4D-5666-5E44AE0A47A0" vid_target="2B4B54AE-807A-6E74-4691-48FCD3C877E9">
<hideElementsInCurrentOnly>false</hideElementsInCurrentOnly>
<backgroundColor>-16777216</backgroundColor>
<lineWidth>1</lineWidth>
<points>
<point x="564" y="396"/>
<point x="564" y="352"/>
</points>
</Connector>
<Connector class="oracle.dbtools.crest.swingui.relational.TVFKRelation" oid="6CA532F6-ADD8-2121-17C2-C3F9355EBD03" otype="FKIndexAssociation" vid_source="61FBF4E6-0A12-2D1F-D019-D1C992D0829B" vid_target="2B4B54AE-807A-6E74-4691-48FCD3C877E9">
<hideElementsInCurrentOnly>false</hideElementsInCurrentOnly>
<backgroundColor>-16777216</backgroundColor>
<lineWidth>1</lineWidth>
<points>
<point x="470" y="192"/>
<point x="470" y="231"/>
</points>
</Connector>
<Connector class="oracle.dbtools.crest.swingui.relational.TVFKRelation" oid="A7D81A88-1D94-059D-6236-3F424A91AE27" otype="FKIndexAssociation" vid_source="7F8FA1AC-FF1A-92F6-BE10-9AD05430C408" vid_target="EFD3F90F-64D3-A702-0613-FB31864EF323">
<hideElementsInCurrentOnly>false</hideElementsInCurrentOnly>
<backgroundColor>-16777216</backgroundColor>
<lineWidth>1</lineWidth>
<points>
<point x="944" y="311"/>
<point x="944" y="276"/>
</points>
</Connector>
<Connector class="oracle.dbtools.crest.swingui.relational.TVFKRelation" oid="AD141C34-82F9-ED82-1B1F-0C77D3D4D6B4" otype="FKIndexAssociation" vid_source="61FBF4E6-0A12-2D1F-D019-D1C992D0829B" vid_target="2DA07822-8BA8-AC8B-7150-18DBD6054D5F">
<hideElementsInCurrentOnly>false</hideElementsInCurrentOnly>
<backgroundColor>-16777216</backgroundColor>
<lineWidth>1</lineWidth>
<points>
<point x="526" y="90"/>
<point x="566" y="90"/>
</points>
</Connector>
<Connector class="oracle.dbtools.crest.swingui.relational.TVFKRelation" oid="B4FB8EB2-AAE9-1769-A6D2-DA2343D1444F" otype="FKIndexAssociation" vid_source="23DF30F7-DD9E-A37E-B26D-BA005688128C" vid_target="F8995F0C-80C3-0E4D-5666-5E44AE0A47A0">
<hideElementsInCurrentOnly>false</hideElementsInCurrentOnly>
<backgroundColor>-16777216</backgroundColor>
<lineWidth>1</lineWidth>
<points>
<point x="283" y="462"/>
<point x="435" y="510"/>
</points>
</Connector>
<Connector class="oracle.dbtools.crest.swingui.relational.TVFKRelation" oid="E0F57956-9D12-880F-0A0E-5138B703368B" otype="FKIndexAssociation" vid_source="EFD3F90F-64D3-A702-0613-FB31864EF323" vid_target="2DA07822-8BA8-AC8B-7150-18DBD6054D5F">
<hideElementsInCurrentOnly>false</hideElementsInCurrentOnly>
<backgroundColor>-16777216</backgroundColor>
<lineWidth>1</lineWidth>
<points>
<point x="824" y="150"/>
<point x="771" y="150"/>
</points>
</Connector>
<Connector class="oracle.dbtools.crest.swingui.relational.TVFKRelation" oid="E6CEABD2-9391-B7CD-7817-E8CB957C3F7F" otype="FKIndexAssociation" vid_source="069A23DF-9BAE-AF45-3A5A-360F935C5699" vid_target="61FBF4E6-0A12-2D1F-D019-D1C992D0829B">
<hideElementsInCurrentOnly>false</hideElementsInCurrentOnly>
<backgroundColor>-16777216</backgroundColor>
<lineWidth>1</lineWidth>
<points>
<point x="253" y="98"/>
<point x="306" y="98"/>
</points>
</Connector>
</connectors>
</Diagram>