<?xml version = '1.0' encoding = 'UTF-8'?>
<Table class="oracle.dbtools.crest.model.design.relational.Table" directorySegmentName="seg_0" id="02ACE49D-F775-1F97-B21D-70B65BF7E282" name="PRESTAMO">
<createdBy>Y409-PCXX</createdBy>
<createdTime>2024-10-24 14:44:42 UTC</createdTime>
<generatorID>44ABBF91-F7F0-9A7C-375C-FF9E5EEBC2BE</generatorID>
<ownerDesignName>Caso2_modelo</ownerDesignName>
<allowColumnReorder>false</allowColumnReorder>
<existDependencyGenerateInDDl>true</existDependencyGenerateInDDl>
<parsed>true</parsed>
<columns itemClass="oracle.dbtools.crest.model.design.relational.Column">
<Column name="id" id="03D010E9-A6A0-295B-B92E-700B90719BF7">
<createdBy>Y409-PCXX</createdBy>
<createdTime>2024-10-24 14:44:42 UTC</createdTime>
<generatorID>4BB25EF6-53D7-DD76-E625-0A0C4B4DC01D</generatorID>
<ownerDesignName>Caso2_modelo</ownerDesignName>
<useDomainConstraints>false</useDomainConstraints>
<use>1</use>
<logicalDatatype>LOGDT019</logicalDatatype>
<ownDataTypeParameters>,,</ownDataTypeParameters>
<autoIncrementCycle>false</autoIncrementCycle>
</Column>
<Column name="fecha_inicio" id="8203E8A2-2227-EC8B-598D-F99B6A0DEBE7">
<createdBy>Y409-PCXX</createdBy>
<createdTime>2024-10-24 14:44:42 UTC</createdTime>
<generatorID>3D7A0858-AE67-19AD-A808-C1645D7B8489</generatorID>
<ownerDesignName>Caso2_modelo</ownerDesignName>
<useDomainConstraints>false</useDomainConstraints>
<use>1</use>
<logicalDatatype>LOGDT007</logicalDatatype>
<ownDataTypeParameters>,,</ownDataTypeParameters>
<autoIncrementCycle>false</autoIncrementCycle>
</Column>
<Column name="fecha_termino" id="DE2CEF63-E3AD-652C-E50D-65E680CEE31B">
<createdBy>Y409-PCXX</createdBy>
<createdTime>2024-10-24 14:44:42 UTC</createdTime>
<generatorID>B9E2B129-0057-ED3A-BB1C-00E209F3B879</generatorID>
<ownerDesignName>Caso2_modelo</ownerDesignName>
<useDomainConstraints>false</useDomainConstraints>
<use>1</use>
<logicalDatatype>LOGDT007</logicalDatatype>
<ownDataTypeParameters>,,</ownDataTypeParameters>
<autoIncrementCycle>false</autoIncrementCycle>
</Column>
<Column name="estado" id="3457C046-F026-E622-0AC9-6DD46019EDA7">
<createdBy>Y409-PCXX</createdBy>
<createdTime>2024-10-24 14:44:42 UTC</createdTime>
<generatorID>5288298A-832E-9212-B897-39D5E0BDEFD5</generatorID>
<ownerDesignName>Caso2_modelo</ownerDesignName>
<useDomainConstraints>false</useDomainConstraints>
<use>1</use>
<logicalDatatype>LOGDT024</logicalDatatype>
<dataTypeSize>10</dataTypeSize>
<ownDataTypeParameters>10,,</ownDataTypeParameters>
<autoIncrementCycle>false</autoIncrementCycle>
</Column>
<Column name="CLIENTE_rut" id="D9F8186D-219C-0467-3389-15D3F06A1712">
<createdBy>Y409-PCXX</createdBy>
<createdTime>2024-10-24 14:44:42 UTC</createdTime>
<generatorID>4DAA0614-D5B5-DFE6-0D49-F4C0F5FBFB82</generatorID>
<ownerDesignName>Caso2_modelo</ownerDesignName>
<useDomainConstraints>false</useDomainConstraints>
<use>1</use>
<logicalDatatype>LOGDT019</logicalDatatype>
<ownDataTypeParameters>,,</ownDataTypeParameters>
<previousColumn>false</previousColumn>
<autoIncrementCycle>false</autoIncrementCycle>
<associations>
<colAssociation fkAssociation="E6CEABD2-9391-B7CD-7817-E8CB957C3F7F" referredColumn="50742C9F-71B3-03DF-C7BE-E9AD2E25EEE6"/>
</associations>
</Column>
</columns>
<indexes itemClass="oracle.dbtools.crest.model.design.relational.Index">
<ind_PK_UK id="9C8402AE-D322-781D-6982-2C50A2F39679" name="PRESTAMO_PK">
<createdBy>Y409-PCXX</createdBy>
<createdTime>2024-10-24 14:44:42 UTC</createdTime>
<generatorID>49C37750-B968-BF14-CC64-DDAC4B29BEF6</generatorID>
<ownerDesignName>Caso2_modelo</ownerDesignName>
<pk>true</pk>
<indexState>Primary Constraint</indexState>
<isSurrogateKey>false</isSurrogateKey>
<indexColumnUsage>
<colUsage columnID="03D010E9-A6A0-295B-B92E-700B90719BF7"/>
</indexColumnUsage>
</ind_PK_UK>
<ind_PK_UK id="52A5EF91-E468-C94A-D3A5-C51338171861" name="PRESTAMO__IDX">
<createdBy>Y409-PCXX</createdBy>
<createdTime>2024-10-24 14:44:42 UTC</createdTime>
<ownerDesignName>Caso2_modelo</ownerDesignName>
<indexState>Unique Plain Index</indexState>
<isSurrogateKey>false</isSurrogateKey>
<relationGeneratorID>0FC6546C-E45B-0C20-863E-4F4AC4427E27</relationGeneratorID>
<indexColumnUsage>
<colUsage columnID="D9F8186D-219C-0467-3389-15D3F06A1712"/>
</indexColumnUsage>
</ind_PK_UK>
<ind_PK_UK id="E0703103-AE11-A1B8-11A3-08EF63B6FA9A" name="PRESTAMO_CLIENTE_FK">
<createdBy>Y409-PCXX</createdBy>
<createdTime>2024-10-24 14:44:42 UTC</createdTime>
<generatorID>0FC6546C-E45B-0C20-863E-4F4AC4427E27</generatorID>
<ownerDesignName>Caso2_modelo</ownerDesignName>
<indexState>Foreign Key</indexState>
<isSurrogateKey>false</isSurrogateKey>
<indexColumnUsage>
<colUsage columnID="D9F8186D-219C-0467-3389-15D3F06A1712"/>
</indexColumnUsage>
</ind_PK_UK>
</indexes>
</Table>