<?xml version = '1.0' encoding = 'UTF-8'?>
<Table class="oracle.dbtools.crest.model.design.relational.Table" directorySegmentName="seg_0" id="615595AA-688B-8564-B2EC-183208AB531F" name="TRANSACCION">
<createdBy>Y409-PCXX</createdBy>
<createdTime>2024-10-24 14:44:42 UTC</createdTime>
<generatorID>FDFC1EF8-1769-96BD-0CC9-7C514B07047A</generatorID>
<ownerDesignName>Caso2_modelo</ownerDesignName>
<allowColumnReorder>false</allowColumnReorder>
<existDependencyGenerateInDDl>true</existDependencyGenerateInDDl>
<parsed>true</parsed>
<columns itemClass="oracle.dbtools.crest.model.design.relational.Column">
<Column name="id" id="F62E816A-FDD4-5F70-9E7D-95F1174D595E">
<createdBy>Y409-PCXX</createdBy>
<createdTime>2024-10-24 14:44:42 UTC</createdTime>
<generatorID>7FEC5524-54A6-3303-B148-80EE0DDABCA3</generatorID>
<ownerDesignName>Caso2_modelo</ownerDesignName>
<useDomainConstraints>false</useDomainConstraints>
<use>1</use>
<logicalDatatype>LOGDT019</logicalDatatype>
<ownDataTypeParameters>,,</ownDataTypeParameters>
<autoIncrementCycle>false</autoIncrementCycle>
</Column>
<Column name="EMPLEADO_rut" id="3A3FBDBB-CF2C-0F27-9D67-E4355A03FE61">
<createdBy>Y409-PCXX</createdBy>
<createdTime>2024-10-24 14:44:42 UTC</createdTime>
<generatorID>FCAECE76-069C-0412-588E-745E0896B1CF</generatorID>
<ownerDesignName>Caso2_modelo</ownerDesignName>
<useDomainConstraints>false</useDomainConstraints>
<use>1</use>
<logicalDatatype>LOGDT019</logicalDatatype>
<ownDataTypeParameters>,,</ownDataTypeParameters>
<previousColumn>false</previousColumn>
<autoIncrementCycle>false</autoIncrementCycle>
<associations>
<colAssociation fkAssociation="64086C24-82E0-7300-97E0-F50BA6885AA7" referredColumn="DC3A5F19-FC82-E96F-1807-FE4180333090"/>
</associations>
</Column>
<Column name="PRESTAMO_id" id="31B63A29-EF9B-7061-AA7D-91A49EAC7A5E">
<createdBy>Y409-PCXX</createdBy>
<createdTime>2024-10-24 14:44:42 UTC</createdTime>
<generatorID>C639D013-D9A9-DDC7-5ACE-EE7691359247</generatorID>
<ownerDesignName>Caso2_modelo</ownerDesignName>
<useDomainConstraints>false</useDomainConstraints>
<use>1</use>
<logicalDatatype>LOGDT019</logicalDatatype>
<ownDataTypeParameters>,,</ownDataTypeParameters>
<previousColumn>false</previousColumn>
<autoIncrementCycle>false</autoIncrementCycle>
<associations>
<colAssociation fkAssociation="6CA532F6-ADD8-2121-17C2-C3F9355EBD03" referredColumn="03D010E9-A6A0-295B-B92E-700B90719BF7"/>
</associations>
</Column>
</columns>
<indexes itemClass="oracle.dbtools.crest.model.design.relational.Index">
<ind_PK_UK id="BD7BBE01-9501-CAD2-CDD1-50AC358BF330" name="TRANSACCION_PK">
<createdBy>Y409-PCXX</createdBy>
<createdTime>2024-10-24 14:44:42 UTC</createdTime>
<generatorID>A48B1DF8-84A9-A034-BC98-F72E3C00B1A9</generatorID>
<ownerDesignName>Caso2_modelo</ownerDesignName>
<pk>true</pk>
<indexState>Primary Constraint</indexState>
<isSurrogateKey>false</isSurrogateKey>
<indexColumnUsage>
<colUsage columnID="F62E816A-FDD4-5F70-9E7D-95F1174D595E"/>
</indexColumnUsage>
</ind_PK_UK>
<ind_PK_UK id="4DD0F015-0F45-8D32-EE4C-6E1BD7F098B0" name="TRANSACCION_EMPLEADO_FK">
<createdBy>Y409-PCXX</createdBy>
<createdTime>2024-10-24 14:44:42 UTC</createdTime>
<generatorID>CE901E00-F03E-9104-6944-1C491668FF23</generatorID>
<ownerDesignName>Caso2_modelo</ownerDesignName>
<indexState>Foreign Key</indexState>
<isSurrogateKey>false</isSurrogateKey>
<indexColumnUsage>
<colUsage columnID="3A3FBDBB-CF2C-0F27-9D67-E4355A03FE61"/>
</indexColumnUsage>
</ind_PK_UK>
<ind_PK_UK id="178F5D3E-9AED-B69E-4387-5B465C19D131" name="TRANSACCION_PRESTAMO_FK">
<createdBy>Y409-PCXX</createdBy>
<createdTime>2024-10-24 14:44:42 UTC</createdTime>
<generatorID>252BCC61-1391-0095-19D3-45EDE5C3587E</generatorID>
<ownerDesignName>Caso2_modelo</ownerDesignName>
<indexState>Foreign Key</indexState>
<isSurrogateKey>false</isSurrogateKey>
<indexColumnUsage>
<colUsage columnID="31B63A29-EF9B-7061-AA7D-91A49EAC7A5E"/>
</indexColumnUsage>
</ind_PK_UK>
</indexes>
</Table>