<?xml version = '1.0' encoding = 'UTF-8'?>
<Table class="oracle.dbtools.crest.model.design.relational.Table" directorySegmentName="seg_0" id="851F990F-E5C2-D569-CD62-B683A775E595" name="EMPLEADO">
<createdBy>Y409-PCXX</createdBy>
<createdTime>2024-10-24 14:44:42 UTC</createdTime>
<generatorID>3C70965D-2121-747B-7573-97C80E65D3F8</generatorID>
<ownerDesignName>Caso2_modelo</ownerDesignName>
<allowColumnReorder>false</allowColumnReorder>
<existDependencyGenerateInDDl>true</existDependencyGenerateInDDl>
<parsed>true</parsed>
<columns itemClass="oracle.dbtools.crest.model.design.relational.Column">
<Column name="rut" id="DC3A5F19-FC82-E96F-1807-FE4180333090">
<createdBy>Y409-PCXX</createdBy>
<createdTime>2024-10-24 14:44:42 UTC</createdTime>
<generatorID>3A2B18A7-4B32-A8B4-C487-F23C7DD07437</generatorID>
<ownerDesignName>Caso2_modelo</ownerDesignName>
<useDomainConstraints>false</useDomainConstraints>
<use>1</use>
<logicalDatatype>LOGDT019</logicalDatatype>
<ownDataTypeParameters>,,</ownDataTypeParameters>
<autoIncrementCycle>false</autoIncrementCycle>
</Column>
<Column name="dv_rut" id="2C204A42-5CFC-B51F-C233-6E39406A9F46">
<createdBy>Y409-PCXX</createdBy>
<createdTime>2024-10-24 14:44:42 UTC</createdTime>
<generatorID>3AF398E7-41A9-C32E-70AD-CCA6653C1CDC</generatorID>
<ownerDesignName>Caso2_modelo</ownerDesignName>
<useDomainConstraints>false</useDomainConstraints>
<use>1</use>
<logicalDatatype>LOGDT024</logicalDatatype>
<dataTypeSize>1</dataTypeSize>
<ownDataTypeParameters>1,,</ownDataTypeParameters>
<autoIncrementCycle>false</autoIncrementCycle>
</Column>
<Column name="primer_nombre" id="5DAF0A99-561E-7334-9037-E5CE57FD39B5">
<createdBy>Y409-PCXX</createdBy>
<createdTime>2024-10-24 14:44:42 UTC</createdTime>
<generatorID>4EEFBBE3-78AB-91B9-1650-EDCBAC571293</generatorID>
<ownerDesignName>Caso2_modelo</ownerDesignName>
<useDomainConstraints>false</useDomainConstraints>
<use>1</use>
<logicalDatatype>LOGDT024</logicalDatatype>
<dataTypeSize>15</dataTypeSize>
<ownDataTypeParameters>15,,</ownDataTypeParameters>
<autoIncrementCycle>false</autoIncrementCycle>
</Column>
<Column name="segundo_nombre" id="4BD7803C-0658-FC42-D620-145AF79A78F8">
<createdBy>Y409-PCXX</createdBy>
<createdTime>2024-10-24 14:44:42 UTC</createdTime>
<generatorID>71B45DB9-89CB-9FD2-0AFF-13315B017D49</generatorID>
<ownerDesignName>Caso2_modelo</ownerDesignName>
<nullsAllowed>true</nullsAllowed>
<useDomainConstraints>false</useDomainConstraints>
<use>1</use>
<logicalDatatype>LOGDT024</logicalDatatype>
<dataTypeSize>15</dataTypeSize>
<ownDataTypeParameters>15,,</ownDataTypeParameters>
<autoIncrementCycle>false</autoIncrementCycle>
</Column>
<Column name="primer_apellido" id="667F4383-0FC1-6B01-D8AE-A1E26E354AF8">
<createdBy>Y409-PCXX</createdBy>
<createdTime>2024-10-24 14:44:42 UTC</createdTime>
<generatorID>6BB43895-1F50-BF4E-BDC1-03EE812B1D0F</generatorID>
<ownerDesignName>Caso2_modelo</ownerDesignName>
<useDomainConstraints>false</useDomainConstraints>
<use>1</use>
<logicalDatatype>LOGDT024</logicalDatatype>
<dataTypeSize>15</dataTypeSize>
<ownDataTypeParameters>15,,</ownDataTypeParameters>
<autoIncrementCycle>false</autoIncrementCycle>
</Column>
<Column name="segundo_apellido" id="0BE508CA-6C01-6C2C-FBD1-57341B13F858">
<createdBy>Y409-PCXX</createdBy>
<createdTime>2024-10-24 14:44:42 UTC</createdTime>
<generatorID>7B503554-BF6D-0C23-D139-ED8FA56CAAE5</generatorID>
<ownerDesignName>Caso2_modelo</ownerDesignName>
<nullsAllowed>true</nullsAllowed>
<useDomainConstraints>false</useDomainConstraints>
<use>1</use>
<logicalDatatype>LOGDT024</logicalDatatype>
<dataTypeSize>15</dataTypeSize>
<ownDataTypeParameters>15,,</ownDataTypeParameters>
<autoIncrementCycle>false</autoIncrementCycle>
</Column>
<Column name="direccion" id="77EC95CC-15D9-66EC-D7D8-8B90152F26D4">
<createdBy>Y409-PCXX</createdBy>
<createdTime>2024-10-24 14:44:42 UTC</createdTime>
<generatorID>291E0BFE-4EE3-2421-7A41-51D072B09B44</generatorID>
<ownerDesignName>Caso2_modelo</ownerDesignName>
<useDomainConstraints>false</useDomainConstraints>
<use>1</use>
<logicalDatatype>LOGDT024</logicalDatatype>
<dataTypeSize>30</dataTypeSize>
<ownDataTypeParameters>30,,</ownDataTypeParameters>
<autoIncrementCycle>false</autoIncrementCycle>
</Column>
<Column name="fono" id="CCD3C13A-1F50-3890-5069-A10AFF522A03">
<createdBy>Y409-PCXX</createdBy>
<createdTime>2024-10-24 14:44:42 UTC</createdTime>
<generatorID>A61F7F9B-46C1-8088-138C-A440FBF2AC75</generatorID>
<ownerDesignName>Caso2_modelo</ownerDesignName>
<useDomainConstraints>false</useDomainConstraints>
<use>1</use>
<logicalDatatype>LOGDT019</logicalDatatype>
<ownDataTypeParameters>,,</ownDataTypeParameters>
<autoIncrementCycle>false</autoIncrementCycle>
</Column>
<Column name="CONTRATO_CONTRATO_ID" id="ACBCF688-77C0-2D02-B14E-234A6629DF6F">
<createdBy>Y409-PCXX</createdBy>
<createdTime>2024-10-24 14:44:42 UTC</createdTime>
<ownerDesignName>Caso2_modelo</ownerDesignName>
<useDomainConstraints>false</useDomainConstraints>
<use>1</use>
<logicalDatatype>LOGDT019</logicalDatatype>
<ownDataTypeParameters>,,</ownDataTypeParameters>
<previousColumn>false</previousColumn>
<autoIncrementCycle>false</autoIncrementCycle>
<associations>
<colAssociation fkAssociation="B4FB8EB2-AAE9-1769-A6D2-DA2343D1444F" referredColumn="C040BD6E-4F19-961C-44A5-39E94DD89E01"/>
</associations>
</Column>
</columns>
<indexes itemClass="oracle.dbtools.crest.model.design.relational.Index">
<ind_PK_UK id="36629435-C244-E5FF-86BF-D2A5D4BB3A61" name="EMPLEADO_PK">
<createdBy>Y409-PCXX</createdBy>
<createdTime>2024-10-24 14:44:42 UTC</createdTime>
<generatorID>24800E6F-B249-BD9E-A173-EA86BDA6BED3</generatorID>
<ownerDesignName>Caso2_modelo</ownerDesignName>
<pk>true</pk>
<indexState>Primary Constraint</indexState>
<isSurrogateKey>false</isSurrogateKey>
<indexColumnUsage>
<colUsage columnID="DC3A5F19-FC82-E96F-1807-FE4180333090"/>
</indexColumnUsage>
</ind_PK_UK>
<ind_PK_UK id="6A23A045-64D6-F633-2DFB-D0B86F9D525A" name="EMPLEADO_CONTRATO_FK">
<createdBy>Y409-PCXX</createdBy>
<createdTime>2024-10-24 14:44:42 UTC</createdTime>
<generatorID>784953EA-F55F-07CF-1774-F936FF099D27</generatorID>
<ownerDesignName>Caso2_modelo</ownerDesignName>
<indexState>Foreign Key</indexState>
<isSurrogateKey>false</isSurrogateKey>
<indexColumnUsage>
<colUsage columnID="ACBCF688-77C0-2D02-B14E-234A6629DF6F"/>
</indexColumnUsage>
</ind_PK_UK>
</indexes>
</Table>