<?xml version = '1.0' encoding = 'UTF-8'?>
<Table class="oracle.dbtools.crest.model.design.relational.Table" directorySegmentName="seg_0" id="938A6080-B3A6-1AE3-AC52-49508BC2F86D" name="PAIS_ORIGEN">
<createdBy>Y409-PCXX</createdBy>
<createdTime>2024-10-24 14:44:42 UTC</createdTime>
<generatorID>B63A4064-5BDD-9120-8F01-D2D4EF1BAEBC</generatorID>
<ownerDesignName>Caso2_modelo</ownerDesignName>
<allowColumnReorder>false</allowColumnReorder>
<existDependencyGenerateInDDl>true</existDependencyGenerateInDDl>
<parsed>true</parsed>
<columns itemClass="oracle.dbtools.crest.model.design.relational.Column">
<Column name="id" id="84302553-C95F-6BAE-53BD-CE9B95F24298">
<createdBy>Y409-PCXX</createdBy>
<createdTime>2024-10-24 14:44:42 UTC</createdTime>
<generatorID>00A50FB8-3542-948A-113B-2C522871A603</generatorID>
<ownerDesignName>Caso2_modelo</ownerDesignName>
<useDomainConstraints>false</useDomainConstraints>
<use>1</use>
<logicalDatatype>LOGDT019</logicalDatatype>
<ownDataTypeParameters>,,</ownDataTypeParameters>
<autoIncrementCycle>false</autoIncrementCycle>
</Column>
<Column name="nombre" id="97466A7F-836C-86B9-4C7C-9E6F784B8875">
<createdBy>Y409-PCXX</createdBy>
<createdTime>2024-10-24 14:44:42 UTC</createdTime>
<generatorID>3B5A9D71-ED0A-E554-BB6B-7CC6A475A871</generatorID>
<ownerDesignName>Caso2_modelo</ownerDesignName>
<useDomainConstraints>false</useDomainConstraints>
<use>1</use>
<logicalDatatype>LOGDT024</logicalDatatype>
<dataTypeSize>15</dataTypeSize>
<ownDataTypeParameters>15,,</ownDataTypeParameters>
<autoIncrementCycle>false</autoIncrementCycle>
</Column>
</columns>
<indexes itemClass="oracle.dbtools.crest.model.design.relational.Index">
<ind_PK_UK id="680D12EF-85FE-70C5-8AFF-DB35714763A8" name="PAIS_ORIGEN_PK">
<createdBy>Y409-PCXX</createdBy>
<createdTime>2024-10-24 14:44:42 UTC</createdTime>
<generatorID>46F8CBB1-1C81-047A-DA41-D73B10B8E6A5</generatorID>
<ownerDesignName>Caso2_modelo</ownerDesignName>
<pk>true</pk>
<indexState>Primary Constraint</indexState>
<isSurrogateKey>false</isSurrogateKey>
<indexColumnUsage>
<colUsage columnID="84302553-C95F-6BAE-53BD-CE9B95F24298"/>
</indexColumnUsage>
</ind_PK_UK>
</indexes>
</Table>