<?xml version = '1.0' encoding = 'UTF-8'?>
<Table class="oracle.dbtools.crest.model.design.relational.Table" directorySegmentName="seg_0" id="B785D149-95F2-0EDD-3D85-90AE601E3217" name="LIBRO">
<createdBy>Y409-PCXX</createdBy>
<createdTime>2024-10-24 14:44:42 UTC</createdTime>
<generatorID>6042B0E0-49C6-B1D8-27A3-0E8EB5DB0CA6</generatorID>
<ownerDesignName>Caso2_modelo</ownerDesignName>
<allowColumnReorder>false</allowColumnReorder>
<existDependencyGenerateInDDl>true</existDependencyGenerateInDDl>
<parsed>true</parsed>
<columns itemClass="oracle.dbtools.crest.model.design.relational.Column">
<Column name="isbn" id="C411FD4C-A79E-1DF9-F88C-A8A1E81DBD56">
<createdBy>Y409-PCXX</createdBy>
<createdTime>2024-10-24 14:44:42 UTC</createdTime>
<generatorID>4520289A-EF14-8852-1C15-E7A8F52C0F10</generatorID>
<ownerDesignName>Caso2_modelo</ownerDesignName>
<useDomainConstraints>false</useDomainConstraints>
<use>1</use>
<logicalDatatype>LOGDT024</logicalDatatype>
<dataTypeSize>20</dataTypeSize>
<ownDataTypeParameters>20,,</ownDataTypeParameters>
<autoIncrementCycle>false</autoIncrementCycle>
</Column>
<Column name="titulo" id="83BAEACC-E33E-DEC6-1CE1-CF959A960422">
<createdBy>Y409-PCXX</createdBy>
<createdTime>2024-10-24 14:44:42 UTC</createdTime>
<generatorID>DFCABD7A-E414-AD63-5EE2-A7DA96CCF2D9</generatorID>
<ownerDesignName>Caso2_modelo</ownerDesignName>
<useDomainConstraints>false</useDomainConstraints>
<use>1</use>
<logicalDatatype>LOGDT024</logicalDatatype>
<dataTypeSize>20</dataTypeSize>
<ownDataTypeParameters>20,,</ownDataTypeParameters>
<autoIncrementCycle>false</autoIncrementCycle>
</Column>
<Column name="fecha_publicacion" id="9C31D4ED-77E8-170C-CA97-9B585D7E1974">
<createdBy>Y409-PCXX</createdBy>
<createdTime>2024-10-24 14:44:42 UTC</createdTime>
<generatorID>2DA79A1C-C42D-98D2-1FFC-81559C9C8871</generatorID>
<ownerDesignName>Caso2_modelo</ownerDesignName>
<useDomainConstraints>false</useDomainConstraints>
<use>1</use>
<logicalDatatype>LOGDT007</logicalDatatype>
<ownDataTypeParameters>,,</ownDataTypeParameters>
<autoIncrementCycle>false</autoIncrementCycle>
</Column>
<Column name="AUTOR_id" id="593686B5-5BFA-639D-789B-3AED26793FCA">
<createdBy>Y409-PCXX</createdBy>
<createdTime>2024-10-24 14:44:42 UTC</createdTime>
<generatorID>86B3B570-849C-A8A6-64F6-293E326B87D5</generatorID>
<ownerDesignName>Caso2_modelo</ownerDesignName>
<useDomainConstraints>false</useDomainConstraints>
<use>1</use>
<logicalDatatype>LOGDT019</logicalDatatype>
<ownDataTypeParameters>,,</ownDataTypeParameters>
<previousColumn>false</previousColumn>
<autoIncrementCycle>false</autoIncrementCycle>
<associations>
<colAssociation fkAssociation="A7D81A88-1D94-059D-6236-3F424A91AE27" referredColumn="45D1403D-247D-58E7-1071-CA6828E815D8"/>
</associations>
</Column>
<Column name="CATEGORIA_id" id="E2873A7E-D8C4-2269-2876-854E0D68ECBB">
<createdBy>Y409-PCXX</createdBy>
<createdTime>2024-10-24 14:44:42 UTC</createdTime>
<generatorID>D48D898D-CB65-C3A7-7206-F4AA8D400A4A</generatorID>
<ownerDesignName>Caso2_modelo</ownerDesignName>
<useDomainConstraints>false</useDomainConstraints>
<use>1</use>
<logicalDatatype>LOGDT019</logicalDatatype>
<ownDataTypeParameters>,,</ownDataTypeParameters>
<previousColumn>false</previousColumn>
<autoIncrementCycle>false</autoIncrementCycle>
<associations>
<colAssociation fkAssociation="08DE51E4-59C7-CF70-2EB1-F7C56B921F9A" referredColumn="88445C0B-9726-24A1-9C6B-BDB0BD71C2AF"/>
</associations>
</Column>
</columns>
<indexes itemClass="oracle.dbtools.crest.model.design.relational.Index">
<ind_PK_UK id="CD959C33-086D-151F-2E28-0565BED300D9" name="LIBRO_PK">
<createdBy>Y409-PCXX</createdBy>
<createdTime>2024-10-24 14:44:42 UTC</createdTime>
<generatorID>B8C2941C-7109-0542-229A-0ED03186517E</generatorID>
<ownerDesignName>Caso2_modelo</ownerDesignName>
<pk>true</pk>
<indexState>Primary Constraint</indexState>
<isSurrogateKey>false</isSurrogateKey>
<indexColumnUsage>
<colUsage columnID="C411FD4C-A79E-1DF9-F88C-A8A1E81DBD56"/>
</indexColumnUsage>
</ind_PK_UK>
<ind_PK_UK id="BC75A821-D1EA-5D6B-9C79-A3AAD54C17F5" name="LIBRO_AUTOR_FK">
<createdBy>Y409-PCXX</createdBy>
<createdTime>2024-10-24 14:44:42 UTC</createdTime>
<generatorID>2493CA7C-3235-D392-AF23-9BC750C54A4A</generatorID>
<ownerDesignName>Caso2_modelo</ownerDesignName>
<indexState>Foreign Key</indexState>
<isSurrogateKey>false</isSurrogateKey>
<indexColumnUsage>
<colUsage columnID="593686B5-5BFA-639D-789B-3AED26793FCA"/>
</indexColumnUsage>
</ind_PK_UK>
<ind_PK_UK id="56B35602-D811-0C05-A56F-2F4A2EF548F0" name="LIBRO_CATEGORIA_FK">
<createdBy>Y409-PCXX</createdBy>
<createdTime>2024-10-24 14:44:42 UTC</createdTime>
<generatorID>DE4F6334-60F2-9568-02FA-8201AE8B288E</generatorID>
<ownerDesignName>Caso2_modelo</ownerDesignName>
<indexState>Foreign Key</indexState>
<isSurrogateKey>false</isSurrogateKey>
<indexColumnUsage>
<colUsage columnID="E2873A7E-D8C4-2269-2876-854E0D68ECBB"/>
</indexColumnUsage>
</ind_PK_UK>
</indexes>
</Table>