<?xml version = '1.0' encoding = 'UTF-8'?>
<Table class="oracle.dbtools.crest.model.design.relational.Table" directorySegmentName="seg_0" id="B78D7AF4-EB6C-66B3-45F3-42755F5B6745" name="CATEGORIA">
<createdBy>Y409-PCXX</createdBy>
<createdTime>2024-10-24 14:44:42 UTC</createdTime>
<generatorID>463E9B38-6C06-D510-D652-52D4B32A4FE0</generatorID>
<ownerDesignName>Caso2_modelo</ownerDesignName>
<allowColumnReorder>false</allowColumnReorder>
<existDependencyGenerateInDDl>true</existDependencyGenerateInDDl>
<parsed>true</parsed>
<columns itemClass="oracle.dbtools.crest.model.design.relational.Column">
<Column name="id" id="88445C0B-9726-24A1-9C6B-BDB0BD71C2AF">
<createdBy>Y409-PCXX</createdBy>
<createdTime>2024-10-24 14:44:42 UTC</createdTime>
<generatorID>3C6997F9-AA9A-590F-090D-38A3EA8BDD68</generatorID>
<ownerDesignName>Caso2_modelo</ownerDesignName>
<useDomainConstraints>false</useDomainConstraints>
<use>1</use>
<logicalDatatype>LOGDT019</logicalDatatype>
<ownDataTypeParameters>,,</ownDataTypeParameters>
<autoIncrementCycle>false</autoIncrementCycle>
</Column>
<Column name="nombre" id="EF8B41BB-2BF0-15E3-C1A8-2F37F1BECBA8">
<createdBy>Y409-PCXX</createdBy>
<createdTime>2024-10-24 14:44:42 UTC</createdTime>
<generatorID>F0AAA2F1-B45F-9B29-8779-58304B73A84C</generatorID>
<ownerDesignName>Caso2_modelo</ownerDesignName>
<useDomainConstraints>false</useDomainConstraints>
<use>1</use>
<logicalDatatype>LOGDT024</logicalDatatype>
<dataTypeSize>20</dataTypeSize>
<ownDataTypeParameters>20,,</ownDataTypeParameters>
<autoIncrementCycle>false</autoIncrementCycle>
</Column>
</columns>
<indexes itemClass="oracle.dbtools.crest.model.design.relational.Index">
<ind_PK_UK id="F7B39E6A-D250-437E-7047-0A1BC3F70F9C" name="CATEGORIA_PK">
<createdBy>Y409-PCXX</createdBy>
<createdTime>2024-10-24 14:44:42 UTC</createdTime>
<generatorID>C0616E6D-C1F4-50EB-C65F-D760B174A0E1</generatorID>
<ownerDesignName>Caso2_modelo</ownerDesignName>
<pk>true</pk>
<indexState>Primary Constraint</indexState>
<isSurrogateKey>false</isSurrogateKey>
<indexColumnUsage>
<colUsage columnID="88445C0B-9726-24A1-9C6B-BDB0BD71C2AF"/>
</indexColumnUsage>
</ind_PK_UK>
</indexes>
</Table>