<?xml version = '1.0' encoding = 'UTF-8'?>
<Table class="oracle.dbtools.crest.model.design.relational.Table" directorySegmentName="seg_0" id="D1E1262C-35CA-0233-B685-4901B8CBE1A3" name="SOLICITUD">
<createdBy>Y409-PCXX</createdBy>
<createdTime>2024-10-24 14:44:42 UTC</createdTime>
<generatorID>21974D4F-36E9-4B97-6F97-199954AB0C26</generatorID>
<ownerDesignName>Caso2_modelo</ownerDesignName>
<allowColumnReorder>false</allowColumnReorder>
<existDependencyGenerateInDDl>true</existDependencyGenerateInDDl>
<parsed>true</parsed>
<columns itemClass="oracle.dbtools.crest.model.design.relational.Column">
<Column name="id" id="5A92839A-68EB-62E9-65F8-7EE3E495F5E7">
<createdBy>Y409-PCXX</createdBy>
<createdTime>2024-10-24 14:44:42 UTC</createdTime>
<generatorID>3D7B759A-296C-407D-C918-4F8E1C3BB5C6</generatorID>
<ownerDesignName>Caso2_modelo</ownerDesignName>
<useDomainConstraints>false</useDomainConstraints>
<use>1</use>
<logicalDatatype>LOGDT019</logicalDatatype>
<ownDataTypeParameters>,,</ownDataTypeParameters>
<autoIncrementCycle>false</autoIncrementCycle>
</Column>
<Column name="PRESTAMO_id" id="61961C7F-BD20-5ED0-AF67-91D45FA05EDB">
<createdBy>Y409-PCXX</createdBy>
<createdTime>2024-10-24 14:44:42 UTC</createdTime>
<generatorID>D74DF3BB-8EC3-8F5E-A4AE-A998E1088A7D</generatorID>
<ownerDesignName>Caso2_modelo</ownerDesignName>
<useDomainConstraints>false</useDomainConstraints>
<use>1</use>
<logicalDatatype>LOGDT019</logicalDatatype>
<ownDataTypeParameters>,,</ownDataTypeParameters>
<previousColumn>false</previousColumn>
<autoIncrementCycle>false</autoIncrementCycle>
<associations>
<colAssociation fkAssociation="AD141C34-82F9-ED82-1B1F-0C77D3D4D6B4" referredColumn="03D010E9-A6A0-295B-B92E-700B90719BF7"/>
</associations>
</Column>
<Column name="LIBRO_isbn" id="F90455D1-98C5-E708-5AB7-44039F7A9ED4">
<createdBy>Y409-PCXX</createdBy>
<createdTime>2024-10-24 14:44:42 UTC</createdTime>
<generatorID>6B99A8A1-7FCC-A8CF-8EBA-3C5890E1611D</generatorID>
<ownerDesignName>Caso2_modelo</ownerDesignName>
<useDomainConstraints>false</useDomainConstraints>
<use>1</use>
<logicalDatatype>LOGDT024</logicalDatatype>
<dataTypeSize>20</dataTypeSize>
<ownDataTypeParameters>20,,</ownDataTypeParameters>
<previousColumn>false</previousColumn>
<autoIncrementCycle>false</autoIncrementCycle>
<associations>
<colAssociation fkAssociation="E0F57956-9D12-880F-0A0E-5138B703368B" referredColumn="C411FD4C-A79E-1DF9-F88C-A8A1E81DBD56"/>
</associations>
</Column>
<Column name="numero_copias" id="41572F6C-86AA-8A7A-BB11-6DE14785A649">
<createdBy>Y409-PCXX</createdBy>
<createdTime>2024-10-24 14:44:42 UTC</createdTime>
<generatorID>FA277713-A433-5E4B-F590-42F5A265A31B</generatorID>
<ownerDesignName>Caso2_modelo</ownerDesignName>
<useDomainConstraints>false</useDomainConstraints>
<use>1</use>
<logicalDatatype>LOGDT019</logicalDatatype>
<ownDataTypeParameters>,,</ownDataTypeParameters>
<autoIncrementCycle>false</autoIncrementCycle>
</Column>
</columns>
<indexes itemClass="oracle.dbtools.crest.model.design.relational.Index">
<ind_PK_UK id="BE0E6A65-4009-7D82-0B41-3909C8D5B5D3" name="SOLICITUD_PK">
<createdBy>Y409-PCXX</createdBy>
<createdTime>2024-10-24 14:44:42 UTC</createdTime>
<generatorID>D95C8AC0-6E75-1284-D58F-6FADAA4CEB03</generatorID>
<ownerDesignName>Caso2_modelo</ownerDesignName>
<pk>true</pk>
<indexState>Primary Constraint</indexState>
<isSurrogateKey>false</isSurrogateKey>
<indexColumnUsage>
<colUsage columnID="5A92839A-68EB-62E9-65F8-7EE3E495F5E7"/>
</indexColumnUsage>
</ind_PK_UK>
<ind_PK_UK id="B5A0A693-09EF-8609-9F8A-65B99ABB6A3D" name="SOLICITUD_LIBRO_FK">
<createdBy>Y409-PCXX</createdBy>
<createdTime>2024-10-24 14:44:42 UTC</createdTime>
<generatorID>273C6A31-F536-CAC5-AE6D-C2930B366525</generatorID>
<ownerDesignName>Caso2_modelo</ownerDesignName>
<indexState>Foreign Key</indexState>
<isSurrogateKey>false</isSurrogateKey>
<indexColumnUsage>
<colUsage columnID="F90455D1-98C5-E708-5AB7-44039F7A9ED4"/>
</indexColumnUsage>
</ind_PK_UK>
<ind_PK_UK id="34FC9B4A-D6EA-6E39-3E64-D33E71C99E7E" name="SOLICITUD_PRESTAMO_FK">
<createdBy>Y409-PCXX</createdBy>
<createdTime>2024-10-24 14:44:42 UTC</createdTime>
<generatorID>1F111660-F445-E644-125F-C25DB76C6EE9</generatorID>
<ownerDesignName>Caso2_modelo</ownerDesignName>
<indexState>Foreign Key</indexState>
<isSurrogateKey>false</isSurrogateKey>
<indexColumnUsage>
<colUsage columnID="61961C7F-BD20-5ED0-AF67-91D45FA05EDB"/>
</indexColumnUsage>
</ind_PK_UK>
</indexes>
</Table>