<?xml version = '1.0' encoding = 'UTF-8'?>
<Table class="oracle.dbtools.crest.model.design.relational.Table" directorySegmentName="seg_0" id="EEAAAE63-D852-25E9-7554-3C5636FC6F57" name="AUTOR">
<createdBy>Y409-PCXX</createdBy>
<createdTime>2024-10-24 14:44:42 UTC</createdTime>
<generatorID>CA12CA97-CFD1-92E7-F6E3-E19D1ED45606</generatorID>
<ownerDesignName>Caso2_modelo</ownerDesignName>
<allowColumnReorder>false</allowColumnReorder>
<existDependencyGenerateInDDl>true</existDependencyGenerateInDDl>
<parsed>true</parsed>
<columns itemClass="oracle.dbtools.crest.model.design.relational.Column">
<Column name="id" id="45D1403D-247D-58E7-1071-CA6828E815D8">
<createdBy>Y409-PCXX</createdBy>
<createdTime>2024-10-24 14:44:42 UTC</createdTime>
<generatorID>39D069F0-4AA6-B0BF-B04D-E2BA8492CB86</generatorID>
<ownerDesignName>Caso2_modelo</ownerDesignName>
<useDomainConstraints>false</useDomainConstraints>
<use>1</use>
<logicalDatatype>LOGDT019</logicalDatatype>
<ownDataTypeParameters>,,</ownDataTypeParameters>
<autoIncrementCycle>false</autoIncrementCycle>
</Column>
<Column name="nombre" id="585DE555-2F93-9C05-4B01-8B0EE96133D7">
<createdBy>Y409-PCXX</createdBy>
<createdTime>2024-10-24 14:44:42 UTC</createdTime>
<generatorID>41209FB2-AA58-7FDA-0000-180EE27BA323</generatorID>
<ownerDesignName>Caso2_modelo</ownerDesignName>
<useDomainConstraints>false</useDomainConstraints>
<use>1</use>
<logicalDatatype>LOGDT024</logicalDatatype>
<dataTypeSize>15</dataTypeSize>
<ownDataTypeParameters>15,,</ownDataTypeParameters>
<autoIncrementCycle>false</autoIncrementCycle>
</Column>
<Column name="PAIS_ORIGEN_id" id="055A7754-A87D-6975-A964-A786E87CEED7">
<createdBy>Y409-PCXX</createdBy>
<createdTime>2024-10-24 14:44:42 UTC</createdTime>
<generatorID>B3571BF8-193D-3E1F-06A4-674B7A839BAA</generatorID>
<ownerDesignName>Caso2_modelo</ownerDesignName>
<useDomainConstraints>false</useDomainConstraints>
<use>1</use>
<logicalDatatype>LOGDT019</logicalDatatype>
<ownDataTypeParameters>,,</ownDataTypeParameters>
<previousColumn>false</previousColumn>
<autoIncrementCycle>false</autoIncrementCycle>
<associations>
<colAssociation fkAssociation="14CB38A2-4FDB-CC1D-0AA7-E8AB9EA7BAB3" referredColumn="84302553-C95F-6BAE-53BD-CE9B95F24298"/>
</associations>
</Column>
</columns>
<indexes itemClass="oracle.dbtools.crest.model.design.relational.Index">
<ind_PK_UK id="B73F026A-C929-B6FA-AF6D-CEA954297679" name="AUTOR_PK">
<createdBy>Y409-PCXX</createdBy>
<createdTime>2024-10-24 14:44:42 UTC</createdTime>
<generatorID>F769E7BD-B5A4-38CE-AD5A-CC083C16355F</generatorID>
<ownerDesignName>Caso2_modelo</ownerDesignName>
<pk>true</pk>
<indexState>Primary Constraint</indexState>
<isSurrogateKey>false</isSurrogateKey>
<indexColumnUsage>
<colUsage columnID="45D1403D-247D-58E7-1071-CA6828E815D8"/>
</indexColumnUsage>
</ind_PK_UK>
<ind_PK_UK id="F8109B28-FB05-D845-69CA-C66AEEB42A8B" name="AUTOR_PAIS_ORIGEN_FK">
<createdBy>Y409-PCXX</createdBy>
<createdTime>2024-10-24 14:44:42 UTC</createdTime>
<generatorID>30B271FA-F97C-D4B5-AAA9-AAAE0389A881</generatorID>
<ownerDesignName>Caso2_modelo</ownerDesignName>
<indexState>Foreign Key</indexState>
<isSurrogateKey>false</isSurrogateKey>
<indexColumnUsage>
<colUsage columnID="055A7754-A87D-6975-A964-A786E87CEED7"/>
</indexColumnUsage>
</ind_PK_UK>
</indexes>
</Table>