<?xml version = '1.0' encoding = 'UTF-8'?>
<Relation class="oracle.dbtools.crest.model.design.logical.Relation" name="PRESTAMO_CLIENTE" directorySegmentName="seg_0" id="0FC6546C-E45B-0C20-863E-4F4AC4427E27">
<createdBy>Y409-PCXX</createdBy>
<createdTime>2024-10-24 14:12:47 UTC</createdTime>
<ownerDesignName>Caso2_modelo</ownerDesignName>
<engineerTo>
<item key="7E60F7E8-B033-9A01-C65B-23198ECFA315" value="true"/>
</engineerTo>
<sourcePk>49C37750-B968-BF14-CC64-DDAC4B29BEF6</sourcePk>
<targetPk>F74434EE-C6CC-D072-46B2-7E6094F7C28B</targetPk>
<identifying>false</identifying>
<nameOnSource>Esta asociado</nameOnSource>
<nameOnTarget>Solicita</nameOnTarget>
<optionalSource>false</optionalSource>
<optionalTarget>false</optionalTarget>
<sourceCardinality>1</sourceCardinality>
<sourceEntity>44ABBF91-F7F0-9A7C-375C-FF9E5EEBC2BE</sourceEntity>
<targetCardinalityString>1</targetCardinalityString>
<targetEntity>BC9E6258-D7EB-2F6F-E256-58BE2DA2B43D</targetEntity>
<transferable>true</transferable>
<deleteRule>NO ACTION</deleteRule>
</Relation>