<?xml version = '1.0' encoding = 'UTF-8'?>
<Relation class="oracle.dbtools.crest.model.design.logical.Relation" name="PRESTAMO_ENTREGA" directorySegmentName="seg_0" id="1F111660-F445-E644-125F-C25DB76C6EE9">
<createdBy>Y409-PCXX</createdBy>
<createdTime>2024-10-24 14:23:22 UTC</createdTime>
<ownerDesignName>Caso2_modelo</ownerDesignName>
<engineerTo>
<item key="7E60F7E8-B033-9A01-C65B-23198ECFA315" value="true"/>
</engineerTo>
<sourcePk>49C37750-B968-BF14-CC64-DDAC4B29BEF6</sourcePk>
<identifying>false</identifying>
<nameOnSource>Tiene</nameOnSource>
<nameOnTarget>Esta asociado</nameOnTarget>
<optionalSource>false</optionalSource>
<optionalTarget>false</optionalTarget>
<sourceCardinality>1</sourceCardinality>
<sourceEntity>44ABBF91-F7F0-9A7C-375C-FF9E5EEBC2BE</sourceEntity>
<targetCardinalityString>*</targetCardinalityString>
<targetEntity>21974D4F-36E9-4B97-6F97-199954AB0C26</targetEntity>
<transferable>true</transferable>
<deleteRule>NO ACTION</deleteRule>
</Relation>