<?xml version = '1.0' encoding = 'UTF-8'?>
<Relation class="oracle.dbtools.crest.model.design.logical.Relation" name="AUTOR_LIBRO" directorySegmentName="seg_0" id="2493CA7C-3235-D392-AF23-9BC750C54A4A">
<createdBy>Y409-PCXX</createdBy>
<createdTime>2024-10-24 14:20:46 UTC</createdTime>
<ownerDesignName>Caso2_modelo</ownerDesignName>
<engineerTo>
<item key="7E60F7E8-B033-9A01-C65B-23198ECFA315" value="true"/>
</engineerTo>
<sourcePk>F769E7BD-B5A4-38CE-AD5A-CC083C16355F</sourcePk>
<identifying>false</identifying>
<nameOnSource>Esta asociado</nameOnSource>
<nameOnTarget>Tiene</nameOnTarget>
<optionalSource>false</optionalSource>
<optionalTarget>false</optionalTarget>
<sourceCardinality>1</sourceCardinality>
<sourceEntity>CA12CA97-CFD1-92E7-F6E3-E19D1ED45606</sourceEntity>
<targetCardinalityString>*</targetCardinalityString>
<targetEntity>6042B0E0-49C6-B1D8-27A3-0E8EB5DB0CA6</targetEntity>
<transferable>true</transferable>
<deleteRule>NO ACTION</deleteRule>
</Relation>