<?xml version = '1.0' encoding = 'UTF-8'?>
<Relation class="oracle.dbtools.crest.model.design.logical.Relation" name="PRESTAMO_TRANSACCION" directorySegmentName="seg_0" id="252BCC61-1391-0095-19D3-45EDE5C3587E">
<createdBy>Y409-PCXX</createdBy>
<createdTime>2024-10-24 14:17:45 UTC</createdTime>
<ownerDesignName>Caso2_modelo</ownerDesignName>
<engineerTo>
<item key="7E60F7E8-B033-9A01-C65B-23198ECFA315" value="true"/>
</engineerTo>
<sourcePk>49C37750-B968-BF14-CC64-DDAC4B29BEF6</sourcePk>
<identifying>false</identifying>
<nameOnSource>Esta asociado</nameOnSource>
<nameOnTarget>Esta asociado</nameOnTarget>
<optionalSource>false</optionalSource>
<optionalTarget>false</optionalTarget>
<sourceCardinality>1</sourceCardinality>
<sourceEntity>44ABBF91-F7F0-9A7C-375C-FF9E5EEBC2BE</sourceEntity>
<targetCardinalityString>*</targetCardinalityString>
<targetEntity>FDFC1EF8-1769-96BD-0CC9-7C514B07047A</targetEntity>
<transferable>true</transferable>
<deleteRule>NO ACTION</deleteRule>
</Relation>