<?xml version = '1.0' encoding = 'UTF-8'?>
<Relation class="oracle.dbtools.crest.model.design.logical.Relation" name="LIBRO_ENTREGA" directorySegmentName="seg_0" id="273C6A31-F536-CAC5-AE6D-C2930B366525">
<createdBy>Y409-PCXX</createdBy>
<createdTime>2024-10-24 14:23:49 UTC</createdTime>
<ownerDesignName>Caso2_modelo</ownerDesignName>
<engineerTo>
<item key="7E60F7E8-B033-9A01-C65B-23198ECFA315" value="true"/>
</engineerTo>
<sourcePk>B8C2941C-7109-0542-229A-0ED03186517E</sourcePk>
<identifying>false</identifying>
<nameOnSource>Tiene</nameOnSource>
<nameOnTarget>Esta asociado</nameOnTarget>
<optionalSource>false</optionalSource>
<optionalTarget>false</optionalTarget>
<sourceCardinality>1</sourceCardinality>
<sourceEntity>6042B0E0-49C6-B1D8-27A3-0E8EB5DB0CA6</sourceEntity>
<targetCardinalityString>*</targetCardinalityString>
<targetEntity>21974D4F-36E9-4B97-6F97-199954AB0C26</targetEntity>
<transferable>true</transferable>
<deleteRule>NO ACTION</deleteRule>
</Relation>