<?xml version = '1.0' encoding = 'UTF-8'?>
<Relation class="oracle.dbtools.crest.model.design.logical.Relation" name="PAIS_AUTOR" directorySegmentName="seg_0" id="30B271FA-F97C-D4B5-AAA9-AAAE0389A881">
<createdBy>Y409-PCXX</createdBy>
<createdTime>2024-10-24 14:22:12 UTC</createdTime>
<ownerDesignName>Caso2_modelo</ownerDesignName>
<engineerTo>
<item key="7E60F7E8-B033-9A01-C65B-23198ECFA315" value="true"/>
</engineerTo>
<sourcePk>46F8CBB1-1C81-047A-DA41-D73B10B8E6A5</sourcePk>
<identifying>false</identifying>
<nameOnSource>Tiene</nameOnSource>
<nameOnTarget>Tiene</nameOnTarget>
<optionalSource>false</optionalSource>
<optionalTarget>false</optionalTarget>
<sourceCardinality>1</sourceCardinality>
<sourceEntity>B63A4064-5BDD-9120-8F01-D2D4EF1BAEBC</sourceEntity>
<targetCardinalityString>*</targetCardinalityString>
<targetEntity>CA12CA97-CFD1-92E7-F6E3-E19D1ED45606</targetEntity>
<transferable>true</transferable>
<deleteRule>NO ACTION</deleteRule>
</Relation>