<?xml version = '1.0' encoding = 'UTF-8'?>
<Relation class="oracle.dbtools.crest.model.design.logical.Relation" name="CONTRATO_EMPLEADO" directorySegmentName="seg_0" id="784953EA-F55F-07CF-1774-F936FF099D27">
<createdBy>Y409-PCXX</createdBy>
<createdTime>2024-10-24 14:18:29 UTC</createdTime>
<ownerDesignName>Caso2_modelo</ownerDesignName>
<engineerTo>
<item key="7E60F7E8-B033-9A01-C65B-23198ECFA315" value="true"/>
</engineerTo>
<identifying>false</identifying>
<nameOnSource>Esta asociado</nameOnSource>
<nameOnTarget>Tiene</nameOnTarget>
<optionalSource>false</optionalSource>
<optionalTarget>false</optionalTarget>
<sourceCardinality>1</sourceCardinality>
<sourceEntity>A0BE7553-8A29-A007-7239-0E8F2737C59B</sourceEntity>
<targetCardinalityString>*</targetCardinalityString>
<targetEntity>3C70965D-2121-747B-7573-97C80E65D3F8</targetEntity>
<transferable>true</transferable>
<deleteRule>NO ACTION</deleteRule>
</Relation>