<?xml version = '1.0' encoding = 'UTF-8'?>
<Relation class="oracle.dbtools.crest.model.design.logical.Relation" name="EMPLEADO_TRANSACCION" directorySegmentName="seg_0" id="CE901E00-F03E-9104-6944-1C491668FF23">
<createdBy>Y409-PCXX</createdBy>
<createdTime>2024-10-24 14:17:19 UTC</createdTime>
<ownerDesignName>Caso2_modelo</ownerDesignName>
<engineerTo>
<item key="7E60F7E8-B033-9A01-C65B-23198ECFA315" value="true"/>
</engineerTo>
<sourcePk>24800E6F-B249-BD9E-A173-EA86BDA6BED3</sourcePk>
<identifying>false</identifying>
<nameOnSource>Realiza</nameOnSource>
<nameOnTarget>Esta asociado</nameOnTarget>
<optionalSource>false</optionalSource>
<optionalTarget>false</optionalTarget>
<sourceCardinality>1</sourceCardinality>
<sourceEntity>3C70965D-2121-747B-7573-97C80E65D3F8</sourceEntity>
<targetCardinalityString>*</targetCardinalityString>
<targetEntity>FDFC1EF8-1769-96BD-0CC9-7C514B07047A</targetEntity>
<transferable>true</transferable>
<deleteRule>NO ACTION</deleteRule>
</Relation>