<?xml version = '1.0' encoding = 'UTF-8'?>
<Relation class="oracle.dbtools.crest.model.design.logical.Relation" name="CATEGORIA_LIBRO" directorySegmentName="seg_0" id="DE4F6334-60F2-9568-02FA-8201AE8B288E">
<createdBy>Y409-PCXX</createdBy>
<createdTime>2024-10-24 14:33:05 UTC</createdTime>
<ownerDesignName>Caso2_modelo</ownerDesignName>
<engineerTo>
<item key="7E60F7E8-B033-9A01-C65B-23198ECFA315" value="true"/>
</engineerTo>
<sourcePk>C0616E6D-C1F4-50EB-C65F-D760B174A0E1</sourcePk>
<identifying>false</identifying>
<nameOnSource>Tiene</nameOnSource>
<nameOnTarget>Tiene</nameOnTarget>
<optionalSource>false</optionalSource>
<optionalTarget>false</optionalTarget>
<sourceCardinality>1</sourceCardinality>
<sourceEntity>463E9B38-6C06-D510-D652-52D4B32A4FE0</sourceEntity>
<targetCardinalityString>*</targetCardinalityString>
<targetEntity>6042B0E0-49C6-B1D8-27A3-0E8EB5DB0CA6</targetEntity>
<transferable>true</transferable>
<deleteRule>NO ACTION</deleteRule>
</Relation>