<?xml version = '1.0' encoding = 'UTF-8'?>
<Diagram class="oracle.dbtools.crest.swingui.logical.DPVLogical" name="Logical" id="18211CB3-915B-7EE3-E189-47C34762D6C4">
<createdBy>Y409-PCXX</createdBy>
<modifiedBy>Y409-PCXX</modifiedBy>
<createdTime>2024-10-24 13:52:10 UTC</createdTime>
<autoRoute>false</autoRoute>
<boxInbox>true</boxInbox>
<showLegend>false</showLegend>
<showLabels>false</showLabels>
<showRelAttributes>false</showRelAttributes>
<gridEnabled>false</gridEnabled>
<showGrid>false</showGrid>
<diagramColor>-1</diagramColor>
<display>false</display>
<notation>1</notation>
<objectViews>
<OView class="oracle.dbtools.crest.swingui.logical.TVEntity" oid="21974D4F-36E9-4B97-6F97-199954AB0C26" otype="Entity" vid="9FF16FD8-618E-C979-ADA0-0C78508F1C18">
<hideElementsInCurrentOnly>false</hideElementsInCurrentOnly>
<bounds x="602" y="116" width="109" height="57"/>
</OView>
<OView class="oracle.dbtools.crest.swingui.logical.TVEntity" oid="3C70965D-2121-747B-7573-97C80E65D3F8" otype="Entity" vid="71B9B418-FB70-9594-E2FF-A0B363A17D97">
<hideElementsInCurrentOnly>false</hideElementsInCurrentOnly>
<bounds x="396" y="349" width="136" height="137"/>
</OView>
<OView class="oracle.dbtools.crest.swingui.logical.TVEntity" oid="44ABBF91-F7F0-9A7C-375C-FF9E5EEBC2BE" otype="Entity" vid="8089B434-1A1E-E8F9-2B5B-9A5A725BCD91">
<hideElementsInCurrentOnly>false</hideElementsInCurrentOnly>
<bounds x="388" y="100" width="140" height="92"/>
</OView>
<OView class="oracle.dbtools.crest.swingui.logical.TVEntity" oid="463E9B38-6C06-D510-D652-52D4B32A4FE0" otype="Entity" vid="D72D6FC4-222F-308C-39BC-424DF3101E3A">
<hideElementsInCurrentOnly>false</hideElementsInCurrentOnly>
<bounds x="806" y="11" width="115" height="64"/>
</OView>
<OView class="oracle.dbtools.crest.swingui.logical.TVEntity" oid="6042B0E0-49C6-B1D8-27A3-0E8EB5DB0CA6" otype="Entity" vid="E0008664-63C3-FFF4-C054-D7CFE36431B2">
<hideElementsInCurrentOnly>false</hideElementsInCurrentOnly>
<bounds x="799" y="118" width="120" height="89"/>
</OView>
<OView class="oracle.dbtools.crest.swingui.logical.TVEntity" oid="A0BE7553-8A29-A007-7239-0E8F2737C59B" otype="Entity" vid="FCB71E01-1C4D-7F11-4AB3-16ACD24136A2">
<hideElementsInCurrentOnly>false</hideElementsInCurrentOnly>
<bounds x="160" y="381" width="133" height="81"/>
</OView>
<OView class="oracle.dbtools.crest.swingui.logical.TVEntity" oid="B63A4064-5BDD-9120-8F01-D2D4EF1BAEBC" otype="Entity" vid="D51CB68B-6656-1AB3-FDFB-D7783F7BC6BC">
<hideElementsInCurrentOnly>false</hideElementsInCurrentOnly>
<bounds x="816" y="379" width="107" height="64"/>
</OView>
<OView class="oracle.dbtools.crest.swingui.logical.TVEntity" oid="BC9E6258-D7EB-2F6F-E256-58BE2DA2B43D" otype="Entity" vid="A814D214-314D-46A8-A848-70BD91E4CA50">
<hideElementsInCurrentOnly>false</hideElementsInCurrentOnly>
<bounds x="122" y="108" width="116" height="135"/>
</OView>
<OView class="oracle.dbtools.crest.swingui.logical.TVEntity" oid="CA12CA97-CFD1-92E7-F6E3-E19D1ED45606" otype="Entity" vid="8608F688-E782-C2D1-E718-3947494C25E7">
<hideElementsInCurrentOnly>false</hideElementsInCurrentOnly>
<bounds x="809" y="265" width="106" height="56"/>
</OView>
<OView class="oracle.dbtools.crest.swingui.logical.TVEntity" oid="FDFC1EF8-1769-96BD-0CC9-7C514B07047A" otype="Entity" vid="54D65646-B77C-C95C-1A8F-C6070B5387EE">
<hideElementsInCurrentOnly>false</hideElementsInCurrentOnly>
<bounds x="415" y="249" width="102" height="51"/>
</OView>
</objectViews>
<connectors>
<Connector class="oracle.dbtools.crest.swingui.logical.TVRelation" oid="0FC6546C-E45B-0C20-863E-4F4AC4427E27" otype="Relation" vid_source="8089B434-1A1E-E8F9-2B5B-9A5A725BCD91" vid_target="A814D214-314D-46A8-A848-70BD91E4CA50">
<hideElementsInCurrentOnly>false</hideElementsInCurrentOnly>
<backgroundColor>-16777216</backgroundColor>
<lineWidth>1</lineWidth>
<points>
<point x="388" y="150"/>
<point x="238" y="150"/>
</points>
</Connector>
<Connector class="oracle.dbtools.crest.swingui.logical.TVRelation" oid="1F111660-F445-E644-125F-C25DB76C6EE9" otype="Relation" vid_source="8089B434-1A1E-E8F9-2B5B-9A5A725BCD91" vid_target="9FF16FD8-618E-C979-ADA0-0C78508F1C18">
<hideElementsInCurrentOnly>false</hideElementsInCurrentOnly>
<backgroundColor>-16777216</backgroundColor>
<lineWidth>1</lineWidth>
<points>
<point x="528" y="144"/>
<point x="602" y="144"/>
</points>
</Connector>
<Connector class="oracle.dbtools.crest.swingui.logical.TVRelation" oid="2493CA7C-3235-D392-AF23-9BC750C54A4A" otype="Relation" vid_source="8608F688-E782-C2D1-E718-3947494C25E7" vid_target="E0008664-63C3-FFF4-C054-D7CFE36431B2">
<hideElementsInCurrentOnly>false</hideElementsInCurrentOnly>
<backgroundColor>-16777216</backgroundColor>
<lineWidth>1</lineWidth>
<points>
<point x="862" y="265"/>
<point x="862" y="207"/>
</points>
</Connector>
<Connector class="oracle.dbtools.crest.swingui.logical.TVRelation" oid="252BCC61-1391-0095-19D3-45EDE5C3587E" otype="Relation" vid_source="8089B434-1A1E-E8F9-2B5B-9A5A725BCD91" vid_target="54D65646-B77C-C95C-1A8F-C6070B5387EE">
<hideElementsInCurrentOnly>false</hideElementsInCurrentOnly>
<backgroundColor>-16777216</backgroundColor>
<lineWidth>1</lineWidth>
<points>
<point x="466" y="192"/>
<point x="466" y="249"/>
</points>
</Connector>
<Connector class="oracle.dbtools.crest.swingui.logical.TVRelation" oid="273C6A31-F536-CAC5-AE6D-C2930B366525" otype="Relation" vid_source="E0008664-63C3-FFF4-C054-D7CFE36431B2" vid_target="9FF16FD8-618E-C979-ADA0-0C78508F1C18">
<hideElementsInCurrentOnly>false</hideElementsInCurrentOnly>
<backgroundColor>-16777216</backgroundColor>
<lineWidth>1</lineWidth>
<points>
<point x="799" y="145"/>
<point x="711" y="145"/>
</points>
</Connector>
<Connector class="oracle.dbtools.crest.swingui.logical.TVRelation" oid="30B271FA-F97C-D4B5-AAA9-AAAE0389A881" otype="Relation" vid_source="D51CB68B-6656-1AB3-FDFB-D7783F7BC6BC" vid_target="8608F688-E782-C2D1-E718-3947494C25E7">
<hideElementsInCurrentOnly>false</hideElementsInCurrentOnly>
<backgroundColor>-16777216</backgroundColor>
<lineWidth>1</lineWidth>
<points>
<point x="865" y="379"/>
<point x="865" y="321"/>
</points>
</Connector>
<Connector class="oracle.dbtools.crest.swingui.logical.TVRelation" oid="784953EA-F55F-07CF-1774-F936FF099D27" otype="Relation" vid_source="FCB71E01-1C4D-7F11-4AB3-16ACD24136A2" vid_target="71B9B418-FB70-9594-E2FF-A0B363A17D97">
<hideElementsInCurrentOnly>false</hideElementsInCurrentOnly>
<backgroundColor>-16777216</backgroundColor>
<lineWidth>1</lineWidth>
<points>
<point x="293" y="421"/>
<point x="396" y="421"/>
</points>
</Connector>
<Connector class="oracle.dbtools.crest.swingui.logical.TVRelation" oid="CE901E00-F03E-9104-6944-1C491668FF23" otype="Relation" vid_source="71B9B418-FB70-9594-E2FF-A0B363A17D97" vid_target="54D65646-B77C-C95C-1A8F-C6070B5387EE">
<hideElementsInCurrentOnly>false</hideElementsInCurrentOnly>
<backgroundColor>-16777216</backgroundColor>
<lineWidth>1</lineWidth>
<points>
<point x="466" y="349"/>
<point x="466" y="300"/>
</points>
</Connector>
<Connector class="oracle.dbtools.crest.swingui.logical.TVRelation" oid="DE4F6334-60F2-9568-02FA-8201AE8B288E" otype="Relation" vid_source="D72D6FC4-222F-308C-39BC-424DF3101E3A" vid_target="E0008664-63C3-FFF4-C054-D7CFE36431B2">
<hideElementsInCurrentOnly>false</hideElementsInCurrentOnly>
<backgroundColor>-16777216</backgroundColor>
<lineWidth>1</lineWidth>
<points>
<point x="862" y="75"/>
<point x="862" y="118"/>
</points>
</Connector>
</connectors>
</Diagram>