<?xml version = '1.0' encoding = 'UTF-8'?>
<Entity class="oracle.dbtools.crest.model.design.logical.Entity" directorySegmentName="seg_0" id="21974D4F-36E9-4B97-6F97-199954AB0C26" name="SOLICITUD">
<createdBy>Y409-PCXX</createdBy>
<createdTime>2024-10-24 14:14:44 UTC</createdTime>
<ownerDesignName>Caso2_modelo</ownerDesignName>
<engineerTo>
<item key="7E60F7E8-B033-9A01-C65B-23198ECFA315" value="true"/>
</engineerTo>
<adequatelyNormalized>NO</adequatelyNormalized>
<expectedVolumes>0</expectedVolumes>
<fwdEngineeringStrategyName>Single Table</fwdEngineeringStrategyName>
<growthPercent>0</growthPercent>
<growthType>Year</growthType>
<maxVolumes>9999999</maxVolumes>
<minVolumes>0</minVolumes>
<normalForm>Third</normalForm>
<attributes itemClass="oracle.dbtools.crest.model.design.logical.Attribute">
<Attribute name="id" id="3D7B759A-296C-407D-C918-4F8E1C3BB5C6">
<createdBy>Y409-PCXX</createdBy>
<createdTime>2024-10-24 14:14:51 UTC</createdTime>
<ownerDesignName>Caso2_modelo</ownerDesignName>
<engineerTo>
<item key="7E60F7E8-B033-9A01-C65B-23198ECFA315" value="true"/>
</engineerTo>
<useDomainConstraints>false</useDomainConstraints>
<use>1</use>
<logicalDatatype>LOGDT019</logicalDatatype>
<ownDataTypeParameters>,,</ownDataTypeParameters>
</Attribute>
<Attribute name="id1" id="D74DF3BB-8EC3-8F5E-A4AE-A998E1088A7D">
<createdBy>Y409-PCXX</createdBy>
<createdTime>2024-10-24 14:23:22 UTC</createdTime>
<generatorID>1F111660-F445-E644-125F-C25DB76C6EE9</generatorID>
<ownerDesignName>Caso2_modelo</ownerDesignName>
<engineerTo>
<item key="7E60F7E8-B033-9A01-C65B-23198ECFA315" value="true"/>
</engineerTo>
<referedAttribute>4BB25EF6-53D7-DD76-E625-0A0C4B4DC01D</referedAttribute>
<useDomainConstraints>false</useDomainConstraints>
<use>1</use>
<logicalDatatype>LOGDT019</logicalDatatype>
<ownDataTypeParameters>,,</ownDataTypeParameters>
</Attribute>
<Attribute name="isbn" id="6B99A8A1-7FCC-A8CF-8EBA-3C5890E1611D">
<createdBy>Y409-PCXX</createdBy>
<createdTime>2024-10-24 14:23:49 UTC</createdTime>
<generatorID>273C6A31-F536-CAC5-AE6D-C2930B366525</generatorID>
<ownerDesignName>Caso2_modelo</ownerDesignName>
<engineerTo>
<item key="7E60F7E8-B033-9A01-C65B-23198ECFA315" value="true"/>
</engineerTo>
<referedAttribute>4520289A-EF14-8852-1C15-E7A8F52C0F10</referedAttribute>
<useDomainConstraints>false</useDomainConstraints>
<use>1</use>
<logicalDatatype>LOGDT024</logicalDatatype>
<dataTypeSize>20</dataTypeSize>
<ownDataTypeParameters>20,,</ownDataTypeParameters>
</Attribute>
<Attribute name="numero_copias" id="FA277713-A433-5E4B-F590-42F5A265A31B">
<createdBy>Y409-PCXX</createdBy>
<createdTime>2024-10-24 14:28:22 UTC</createdTime>
<ownerDesignName>Caso2_modelo</ownerDesignName>
<engineerTo>
<item key="7E60F7E8-B033-9A01-C65B-23198ECFA315" value="true"/>
</engineerTo>
<useDomainConstraints>false</useDomainConstraints>
<use>1</use>
<logicalDatatype>LOGDT019</logicalDatatype>
<ownDataTypeParameters>,,</ownDataTypeParameters>
</Attribute>
</attributes>
<identifiers itemClass="oracle.dbtools.crest.model.design.logical.CandidateKey">
<identifier id="D95C8AC0-6E75-1284-D58F-6FADAA4CEB03" name="TRANSACCION PK">
<createdBy>Y409-PCXX</createdBy>
<createdTime>2024-10-24 14:15:17 UTC</createdTime>
<ownerDesignName>Caso2_modelo</ownerDesignName>
<shouldEngineer>false</shouldEngineer>
<engineerTo>
<item key="7E60F7E8-B033-9A01-C65B-23198ECFA315" value="false"/>
</engineerTo>
<pk>true</pk>
<usedAttributes>
<attributeRef>3D7B759A-296C-407D-C918-4F8E1C3BB5C6</attributeRef>
</usedAttributes>
</identifier>
</identifiers>
</Entity>