<?xml version = '1.0' encoding = 'UTF-8'?>
<Entity class="oracle.dbtools.crest.model.design.logical.Entity" directorySegmentName="seg_0" id="463E9B38-6C06-D510-D652-52D4B32A4FE0" name="CATEGORIA">
<createdBy>Y409-PCXX</createdBy>
<createdTime>2024-10-24 13:52:10 UTC</createdTime>
<ownerDesignName>Caso2_modelo</ownerDesignName>
<engineerTo>
<item key="7E60F7E8-B033-9A01-C65B-23198ECFA315" value="true"/>
</engineerTo>
<adequatelyNormalized>NO</adequatelyNormalized>
<expectedVolumes>0</expectedVolumes>
<fwdEngineeringStrategyName>Single Table</fwdEngineeringStrategyName>
<growthPercent>0</growthPercent>
<growthType>Year</growthType>
<maxVolumes>9999999</maxVolumes>
<minVolumes>0</minVolumes>
<normalForm>Third</normalForm>
<attributes itemClass="oracle.dbtools.crest.model.design.logical.Attribute">
<Attribute name="id" id="3C6997F9-AA9A-590F-090D-38A3EA8BDD68">
<createdBy>Y409-PCXX</createdBy>
<createdTime>2024-10-24 13:52:21 UTC</createdTime>
<ownerDesignName>Caso2_modelo</ownerDesignName>
<engineerTo>
<item key="7E60F7E8-B033-9A01-C65B-23198ECFA315" value="true"/>
</engineerTo>
<useDomainConstraints>false</useDomainConstraints>
<use>1</use>
<logicalDatatype>LOGDT019</logicalDatatype>
<ownDataTypeParameters>,,</ownDataTypeParameters>
</Attribute>
<Attribute name="nombre" id="F0AAA2F1-B45F-9B29-8779-58304B73A84C">
<createdBy>Y409-PCXX</createdBy>
<createdTime>2024-10-24 13:52:37 UTC</createdTime>
<ownerDesignName>Caso2_modelo</ownerDesignName>
<engineerTo>
<item key="7E60F7E8-B033-9A01-C65B-23198ECFA315" value="true"/>
</engineerTo>
<useDomainConstraints>false</useDomainConstraints>
<use>1</use>
<logicalDatatype>LOGDT024</logicalDatatype>
<dataTypeSize>20</dataTypeSize>
<ownDataTypeParameters>20,,</ownDataTypeParameters>
</Attribute>
</attributes>
<identifiers itemClass="oracle.dbtools.crest.model.design.logical.CandidateKey">
<identifier id="C0616E6D-C1F4-50EB-C65F-D760B174A0E1" name="CATEGORIA PK">
<createdBy>Y409-PCXX</createdBy>
<createdTime>2024-10-24 13:52:35 UTC</createdTime>
<ownerDesignName>Caso2_modelo</ownerDesignName>
<engineerTo>
<item key="7E60F7E8-B033-9A01-C65B-23198ECFA315" value="true"/>
</engineerTo>
<pk>true</pk>
<usedAttributes>
<attributeRef>3C6997F9-AA9A-590F-090D-38A3EA8BDD68</attributeRef>
</usedAttributes>
</identifier>
</identifiers>
</Entity>