<?xml version = '1.0' encoding = 'UTF-8'?>
<Entity class="oracle.dbtools.crest.model.design.logical.Entity" directorySegmentName="seg_0" id="6042B0E0-49C6-B1D8-27A3-0E8EB5DB0CA6" name="LIBRO">
<createdBy>Y409-PCXX</createdBy>
<createdTime>2024-10-24 13:57:33 UTC</createdTime>
<ownerDesignName>Caso2_modelo</ownerDesignName>
<engineerTo>
<item key="7E60F7E8-B033-9A01-C65B-23198ECFA315" value="true"/>
</engineerTo>
<adequatelyNormalized>NO</adequatelyNormalized>
<expectedVolumes>0</expectedVolumes>
<fwdEngineeringStrategyName>Single Table</fwdEngineeringStrategyName>
<growthPercent>0</growthPercent>
<growthType>Year</growthType>
<maxVolumes>9999999</maxVolumes>
<minVolumes>0</minVolumes>
<normalForm>Third</normalForm>
<attributes itemClass="oracle.dbtools.crest.model.design.logical.Attribute">
<Attribute name="isbn" id="4520289A-EF14-8852-1C15-E7A8F52C0F10">
<createdBy>Y409-PCXX</createdBy>
<createdTime>2024-10-24 13:57:58 UTC</createdTime>
<ownerDesignName>Caso2_modelo</ownerDesignName>
<engineerTo>
<item key="7E60F7E8-B033-9A01-C65B-23198ECFA315" value="true"/>
</engineerTo>
<useDomainConstraints>false</useDomainConstraints>
<use>1</use>
<logicalDatatype>LOGDT024</logicalDatatype>
<dataTypeSize>20</dataTypeSize>
<ownDataTypeParameters>20,,</ownDataTypeParameters>
</Attribute>
<Attribute name="titulo" id="DFCABD7A-E414-AD63-5EE2-A7DA96CCF2D9">
<createdBy>Y409-PCXX</createdBy>
<createdTime>2024-10-24 13:58:06 UTC</createdTime>
<ownerDesignName>Caso2_modelo</ownerDesignName>
<engineerTo>
<item key="7E60F7E8-B033-9A01-C65B-23198ECFA315" value="true"/>
</engineerTo>
<useDomainConstraints>false</useDomainConstraints>
<use>1</use>
<logicalDatatype>LOGDT024</logicalDatatype>
<dataTypeSize>20</dataTypeSize>
<ownDataTypeParameters>20,,</ownDataTypeParameters>
</Attribute>
<Attribute name="fecha_publicacion" id="2DA79A1C-C42D-98D2-1FFC-81559C9C8871">
<createdBy>Y409-PCXX</createdBy>
<createdTime>2024-10-24 13:58:19 UTC</createdTime>
<ownerDesignName>Caso2_modelo</ownerDesignName>
<engineerTo>
<item key="7E60F7E8-B033-9A01-C65B-23198ECFA315" value="true"/>
</engineerTo>
<useDomainConstraints>false</useDomainConstraints>
<use>1</use>
<logicalDatatype>LOGDT007</logicalDatatype>
<ownDataTypeParameters>,,</ownDataTypeParameters>
</Attribute>
<Attribute name="id" id="86B3B570-849C-A8A6-64F6-293E326B87D5">
<createdBy>Y409-PCXX</createdBy>
<createdTime>2024-10-24 14:20:46 UTC</createdTime>
<generatorID>2493CA7C-3235-D392-AF23-9BC750C54A4A</generatorID>
<ownerDesignName>Caso2_modelo</ownerDesignName>
<engineerTo>
<item key="7E60F7E8-B033-9A01-C65B-23198ECFA315" value="true"/>
</engineerTo>
<referedAttribute>39D069F0-4AA6-B0BF-B04D-E2BA8492CB86</referedAttribute>
<useDomainConstraints>false</useDomainConstraints>
<use>1</use>
<logicalDatatype>LOGDT019</logicalDatatype>
<ownDataTypeParameters>,,</ownDataTypeParameters>
</Attribute>
<Attribute name="id1" id="D48D898D-CB65-C3A7-7206-F4AA8D400A4A">
<createdBy>Y409-PCXX</createdBy>
<createdTime>2024-10-24 14:33:05 UTC</createdTime>
<generatorID>DE4F6334-60F2-9568-02FA-8201AE8B288E</generatorID>
<ownerDesignName>Caso2_modelo</ownerDesignName>
<engineerTo>
<item key="7E60F7E8-B033-9A01-C65B-23198ECFA315" value="true"/>
</engineerTo>
<referedAttribute>3C6997F9-AA9A-590F-090D-38A3EA8BDD68</referedAttribute>
<useDomainConstraints>false</useDomainConstraints>
<use>1</use>
<logicalDatatype>LOGDT019</logicalDatatype>
<ownDataTypeParameters>,,</ownDataTypeParameters>
</Attribute>
</attributes>
<identifiers itemClass="oracle.dbtools.crest.model.design.logical.CandidateKey">
<identifier id="B8C2941C-7109-0542-229A-0ED03186517E" name="LIBRO PK">
<createdBy>Y409-PCXX</createdBy>
<createdTime>2024-10-24 13:57:57 UTC</createdTime>
<ownerDesignName>Caso2_modelo</ownerDesignName>
<engineerTo>
<item key="7E60F7E8-B033-9A01-C65B-23198ECFA315" value="true"/>
</engineerTo>
<pk>true</pk>
<usedAttributes>
<attributeRef>4520289A-EF14-8852-1C15-E7A8F52C0F10</attributeRef>
</usedAttributes>
</identifier>
</identifiers>
</Entity>