<?xml version = '1.0' encoding = 'UTF-8'?>
<Entity class="oracle.dbtools.crest.model.design.logical.Entity" directorySegmentName="seg_0" id="CA12CA97-CFD1-92E7-F6E3-E19D1ED45606" name="AUTOR">
<createdBy>Y409-PCXX</createdBy>
<createdTime>2024-10-24 13:53:03 UTC</createdTime>
<ownerDesignName>Caso2_modelo</ownerDesignName>
<engineerTo>
<item key="7E60F7E8-B033-9A01-C65B-23198ECFA315" value="true"/>
</engineerTo>
<adequatelyNormalized>NO</adequatelyNormalized>
<expectedVolumes>0</expectedVolumes>
<fwdEngineeringStrategyName>Single Table</fwdEngineeringStrategyName>
<growthPercent>0</growthPercent>
<growthType>Year</growthType>
<maxVolumes>9999999</maxVolumes>
<minVolumes>0</minVolumes>
<normalForm>Third</normalForm>
<attributes itemClass="oracle.dbtools.crest.model.design.logical.Attribute">
<Attribute name="id" id="39D069F0-4AA6-B0BF-B04D-E2BA8492CB86">
<createdBy>Y409-PCXX</createdBy>
<createdTime>2024-10-24 13:53:13 UTC</createdTime>
<ownerDesignName>Caso2_modelo</ownerDesignName>
<engineerTo>
<item key="7E60F7E8-B033-9A01-C65B-23198ECFA315" value="true"/>
</engineerTo>
<useDomainConstraints>false</useDomainConstraints>
<use>1</use>
<logicalDatatype>LOGDT019</logicalDatatype>
<ownDataTypeParameters>,,</ownDataTypeParameters>
</Attribute>
<Attribute name="nombre" id="41209FB2-AA58-7FDA-0000-180EE27BA323">
<createdBy>Y409-PCXX</createdBy>
<createdTime>2024-10-24 13:53:20 UTC</createdTime>
<ownerDesignName>Caso2_modelo</ownerDesignName>
<engineerTo>
<item key="7E60F7E8-B033-9A01-C65B-23198ECFA315" value="true"/>
</engineerTo>
<useDomainConstraints>false</useDomainConstraints>
<use>1</use>
<logicalDatatype>LOGDT024</logicalDatatype>
<dataTypeSize>15</dataTypeSize>
<ownDataTypeParameters>15,,</ownDataTypeParameters>
</Attribute>
<Attribute name="id1" id="B3571BF8-193D-3E1F-06A4-674B7A839BAA">
<createdBy>Y409-PCXX</createdBy>
<createdTime>2024-10-24 14:22:12 UTC</createdTime>
<generatorID>30B271FA-F97C-D4B5-AAA9-AAAE0389A881</generatorID>
<ownerDesignName>Caso2_modelo</ownerDesignName>
<engineerTo>
<item key="7E60F7E8-B033-9A01-C65B-23198ECFA315" value="true"/>
</engineerTo>
<referedAttribute>00A50FB8-3542-948A-113B-2C522871A603</referedAttribute>
<useDomainConstraints>false</useDomainConstraints>
<use>1</use>
<logicalDatatype>LOGDT019</logicalDatatype>
<ownDataTypeParameters>,,</ownDataTypeParameters>
</Attribute>
</attributes>
<identifiers itemClass="oracle.dbtools.crest.model.design.logical.CandidateKey">
<identifier id="F769E7BD-B5A4-38CE-AD5A-CC083C16355F" name="AUTOR PK">
<createdBy>Y409-PCXX</createdBy>
<createdTime>2024-10-24 13:53:19 UTC</createdTime>
<ownerDesignName>Caso2_modelo</ownerDesignName>
<engineerTo>
<item key="7E60F7E8-B033-9A01-C65B-23198ECFA315" value="true"/>
</engineerTo>
<pk>true</pk>
<usedAttributes>
<attributeRef>39D069F0-4AA6-B0BF-B04D-E2BA8492CB86</attributeRef>
</usedAttributes>
</identifier>
</identifiers>
</Entity>