<?xml version = '1.0' encoding = 'UTF-8'?>
<Entity class="oracle.dbtools.crest.model.design.logical.Entity" directorySegmentName="seg_0" id="FDFC1EF8-1769-96BD-0CC9-7C514B07047A" name="TRANSACCION">
<createdBy>Y409-PCXX</createdBy>
<createdTime>2024-10-24 14:15:26 UTC</createdTime>
<ownerDesignName>Caso2_modelo</ownerDesignName>
<engineerTo>
<item key="7E60F7E8-B033-9A01-C65B-23198ECFA315" value="true"/>
</engineerTo>
<adequatelyNormalized>NO</adequatelyNormalized>
<expectedVolumes>0</expectedVolumes>
<fwdEngineeringStrategyName>Single Table</fwdEngineeringStrategyName>
<growthPercent>0</growthPercent>
<growthType>Year</growthType>
<maxVolumes>9999999</maxVolumes>
<minVolumes>0</minVolumes>
<normalForm>Third</normalForm>
<attributes itemClass="oracle.dbtools.crest.model.design.logical.Attribute">
<Attribute name="id" id="7FEC5524-54A6-3303-B148-80EE0DDABCA3">
<createdBy>Y409-PCXX</createdBy>
<createdTime>2024-10-24 14:15:26 UTC</createdTime>
<ownerDesignName>Caso2_modelo</ownerDesignName>
<engineerTo>
<item key="7E60F7E8-B033-9A01-C65B-23198ECFA315" value="true"/>
</engineerTo>
<useDomainConstraints>false</useDomainConstraints>
<use>1</use>
<logicalDatatype>LOGDT019</logicalDatatype>
<ownDataTypeParameters>,,</ownDataTypeParameters>
</Attribute>
<Attribute name="rut" id="FCAECE76-069C-0412-588E-745E0896B1CF">
<createdBy>Y409-PCXX</createdBy>
<createdTime>2024-10-24 14:17:19 UTC</createdTime>
<generatorID>CE901E00-F03E-9104-6944-1C491668FF23</generatorID>
<ownerDesignName>Caso2_modelo</ownerDesignName>
<engineerTo>
<item key="7E60F7E8-B033-9A01-C65B-23198ECFA315" value="true"/>
</engineerTo>
<referedAttribute>3A2B18A7-4B32-A8B4-C487-F23C7DD07437</referedAttribute>
<useDomainConstraints>false</useDomainConstraints>
<use>1</use>
<logicalDatatype>LOGDT019</logicalDatatype>
<ownDataTypeParameters>,,</ownDataTypeParameters>
</Attribute>
<Attribute name="id2" id="C639D013-D9A9-DDC7-5ACE-EE7691359247">
<createdBy>Y409-PCXX</createdBy>
<createdTime>2024-10-24 14:17:45 UTC</createdTime>
<generatorID>252BCC61-1391-0095-19D3-45EDE5C3587E</generatorID>
<ownerDesignName>Caso2_modelo</ownerDesignName>
<engineerTo>
<item key="7E60F7E8-B033-9A01-C65B-23198ECFA315" value="true"/>
</engineerTo>
<referedAttribute>4BB25EF6-53D7-DD76-E625-0A0C4B4DC01D</referedAttribute>
<useDomainConstraints>false</useDomainConstraints>
<use>1</use>
<logicalDatatype>LOGDT019</logicalDatatype>
<ownDataTypeParameters>,,</ownDataTypeParameters>
</Attribute>
</attributes>
<identifiers itemClass="oracle.dbtools.crest.model.design.logical.CandidateKey">
<identifier id="A48B1DF8-84A9-A034-BC98-F72E3C00B1A9" name="TRANSACCION PK">
<createdBy>Y409-PCXX</createdBy>
<createdTime>2024-10-24 14:15:26 UTC</createdTime>
<ownerDesignName>Caso2_modelo</ownerDesignName>
<shouldEngineer>false</shouldEngineer>
<engineerTo>
<item key="7E60F7E8-B033-9A01-C65B-23198ECFA315" value="false"/>
</engineerTo>
<pk>true</pk>
<usedAttributes>
<attributeRef>7FEC5524-54A6-3303-B148-80EE0DDABCA3</attributeRef>
</usedAttributes>
</identifier>
</identifiers>
</Entity>