<?xml version = '1.0' encoding = 'UTF-8'?>
<relationalModel class="oracle.dbtools.crest.model.design.relational.RelationalDesign" name="Relational_1" id="7E60F7E8-B033-9A01-C65B-23198ECFA315" mainViewID="AE3134E5-B4BE-6074-E130-A86B3EA6896B">
<createdBy>Y409-PCXX</createdBy>
<createdTime>2024-10-24 13:51:35 UTC</createdTime>
<ownerDesignName>Caso2_modelo</ownerDesignName>
<shouldBeOpen>false</shouldBeOpen>
<selectedRDBMSSite>32076570-2523-435C-2E92-BF29817DFF70</selectedRDBMSSite>
</relationalModel>