<?xml version = '1.0' encoding = 'UTF-8'?>
<FKIndexAssociation class="oracle.dbtools.crest.model.design.relational.FKIndexAssociation" directorySegmentName="seg_0" id="08DE51E4-59C7-CF70-2EB1-F7C56B921F9A" containerWithKeyObject="B785D149-95F2-0EDD-3D85-90AE601E3217" localFKIndex="56B35602-D811-0C05-A56F-2F4A2EF548F0" name="LIBRO_CATEGORIA_FK">
<createdBy>Y409-PCXX</createdBy>
<createdTime>2024-10-24 14:44:42 UTC</createdTime>
<generatorID>DE4F6334-60F2-9568-02FA-8201AE8B288E</generatorID>
<ownerDesignName>Caso2_modelo</ownerDesignName>
<referredTableLongName>CATEGORIA</referredTableLongName>
<deleteRule>NO ACTION</deleteRule>
<referredTableID>B78D7AF4-EB6C-66B3-45F3-42755F5B6745</referredTableID>
<keyObject>F7B39E6A-D250-437E-7047-0A1BC3F70F9C</keyObject>
<referredKeyID>F7B39E6A-D250-437E-7047-0A1BC3F70F9C</referredKeyID>
<mandatory>true</mandatory>
<refColNames>id</refColNames>
<transferable>true</transferable>
<rely>false</rely>
<columnDependencyConstraintGenerateInDDL>true</columnDependencyConstraintGenerateInDDL>
</FKIndexAssociation>