<?xml version = '1.0' encoding = 'UTF-8'?>
<FKIndexAssociation class="oracle.dbtools.crest.model.design.relational.FKIndexAssociation" directorySegmentName="seg_0" id="14CB38A2-4FDB-CC1D-0AA7-E8AB9EA7BAB3" containerWithKeyObject="EEAAAE63-D852-25E9-7554-3C5636FC6F57" localFKIndex="F8109B28-FB05-D845-69CA-C66AEEB42A8B" name="AUTOR_PAIS_ORIGEN_FK">
<createdBy>Y409-PCXX</createdBy>
<createdTime>2024-10-24 14:44:42 UTC</createdTime>
<generatorID>30B271FA-F97C-D4B5-AAA9-AAAE0389A881</generatorID>
<ownerDesignName>Caso2_modelo</ownerDesignName>
<referredTableLongName>PAIS_ORIGEN</referredTableLongName>
<deleteRule>NO ACTION</deleteRule>
<referredTableID>938A6080-B3A6-1AE3-AC52-49508BC2F86D</referredTableID>
<keyObject>680D12EF-85FE-70C5-8AFF-DB35714763A8</keyObject>
<referredKeyID>680D12EF-85FE-70C5-8AFF-DB35714763A8</referredKeyID>
<mandatory>true</mandatory>
<refColNames>id</refColNames>
<transferable>true</transferable>
<rely>false</rely>
<columnDependencyConstraintGenerateInDDL>true</columnDependencyConstraintGenerateInDDL>
</FKIndexAssociation>