<?xml version = '1.0' encoding = 'UTF-8'?>
<FKIndexAssociation class="oracle.dbtools.crest.model.design.relational.FKIndexAssociation" directorySegmentName="seg_0" id="64086C24-82E0-7300-97E0-F50BA6885AA7" containerWithKeyObject="615595AA-688B-8564-B2EC-183208AB531F" localFKIndex="4DD0F015-0F45-8D32-EE4C-6E1BD7F098B0" name="TRANSACCION_EMPLEADO_FK">
<createdBy>Y409-PCXX</createdBy>
<createdTime>2024-10-24 14:44:42 UTC</createdTime>
<generatorID>CE901E00-F03E-9104-6944-1C491668FF23</generatorID>
<ownerDesignName>Caso2_modelo</ownerDesignName>
<referredTableLongName>EMPLEADO</referredTableLongName>
<deleteRule>NO ACTION</deleteRule>
<referredTableID>851F990F-E5C2-D569-CD62-B683A775E595</referredTableID>
<keyObject>36629435-C244-E5FF-86BF-D2A5D4BB3A61</keyObject>
<referredKeyID>36629435-C244-E5FF-86BF-D2A5D4BB3A61</referredKeyID>
<mandatory>true</mandatory>
<refColNames>rut</refColNames>
<transferable>true</transferable>
<rely>false</rely>
<columnDependencyConstraintGenerateInDDL>true</columnDependencyConstraintGenerateInDDL>
</FKIndexAssociation>