<?xml version = '1.0' encoding = 'UTF-8'?>
<FKIndexAssociation class="oracle.dbtools.crest.model.design.relational.FKIndexAssociation" directorySegmentName="seg_0" id="6CA532F6-ADD8-2121-17C2-C3F9355EBD03" containerWithKeyObject="615595AA-688B-8564-B2EC-183208AB531F" localFKIndex="178F5D3E-9AED-B69E-4387-5B465C19D131" name="TRANSACCION_PRESTAMO_FK">
<createdBy>Y409-PCXX</createdBy>
<createdTime>2024-10-24 14:44:42 UTC</createdTime>
<generatorID>252BCC61-1391-0095-19D3-45EDE5C3587E</generatorID>
<ownerDesignName>Caso2_modelo</ownerDesignName>
<referredTableLongName>PRESTAMO</referredTableLongName>
<deleteRule>NO ACTION</deleteRule>
<referredTableID>02ACE49D-F775-1F97-B21D-70B65BF7E282</referredTableID>
<keyObject>9C8402AE-D322-781D-6982-2C50A2F39679</keyObject>
<referredKeyID>9C8402AE-D322-781D-6982-2C50A2F39679</referredKeyID>
<mandatory>true</mandatory>
<refColNames>id</refColNames>
<transferable>true</transferable>
<rely>false</rely>
<columnDependencyConstraintGenerateInDDL>true</columnDependencyConstraintGenerateInDDL>
</FKIndexAssociation>