<?xml version = '1.0' encoding = 'UTF-8'?>
<FKIndexAssociation class="oracle.dbtools.crest.model.design.relational.FKIndexAssociation" directorySegmentName="seg_0" id="A7D81A88-1D94-059D-6236-3F424A91AE27" containerWithKeyObject="B785D149-95F2-0EDD-3D85-90AE601E3217" localFKIndex="BC75A821-D1EA-5D6B-9C79-A3AAD54C17F5" name="LIBRO_AUTOR_FK">
<createdBy>Y409-PCXX</createdBy>
<createdTime>2024-10-24 14:44:42 UTC</createdTime>
<generatorID>2493CA7C-3235-D392-AF23-9BC750C54A4A</generatorID>
<ownerDesignName>Caso2_modelo</ownerDesignName>
<referredTableLongName>AUTOR</referredTableLongName>
<deleteRule>NO ACTION</deleteRule>
<referredTableID>EEAAAE63-D852-25E9-7554-3C5636FC6F57</referredTableID>
<keyObject>B73F026A-C929-B6FA-AF6D-CEA954297679</keyObject>
<referredKeyID>B73F026A-C929-B6FA-AF6D-CEA954297679</referredKeyID>
<mandatory>true</mandatory>
<refColNames>id</refColNames>
<transferable>true</transferable>
<rely>false</rely>
<columnDependencyConstraintGenerateInDDL>true</columnDependencyConstraintGenerateInDDL>
</FKIndexAssociation>