<?xml version = '1.0' encoding = 'UTF-8'?>
<FKIndexAssociation class="oracle.dbtools.crest.model.design.relational.FKIndexAssociation" directorySegmentName="seg_0" id="AD141C34-82F9-ED82-1B1F-0C77D3D4D6B4" containerWithKeyObject="D1E1262C-35CA-0233-B685-4901B8CBE1A3" localFKIndex="34FC9B4A-D6EA-6E39-3E64-D33E71C99E7E" name="SOLICITUD_PRESTAMO_FK">
<createdBy>Y409-PCXX</createdBy>
<createdTime>2024-10-24 14:44:42 UTC</createdTime>
<generatorID>1F111660-F445-E644-125F-C25DB76C6EE9</generatorID>
<ownerDesignName>Caso2_modelo</ownerDesignName>
<referredTableLongName>PRESTAMO</referredTableLongName>
<deleteRule>NO ACTION</deleteRule>
<referredTableID>02ACE49D-F775-1F97-B21D-70B65BF7E282</referredTableID>
<keyObject>9C8402AE-D322-781D-6982-2C50A2F39679</keyObject>
<referredKeyID>9C8402AE-D322-781D-6982-2C50A2F39679</referredKeyID>
<mandatory>true</mandatory>
<refColNames>id</refColNames>
<transferable>true</transferable>
<rely>false</rely>
<columnDependencyConstraintGenerateInDDL>true</columnDependencyConstraintGenerateInDDL>
</FKIndexAssociation>