<?xml version = '1.0' encoding = 'UTF-8'?>
<FKIndexAssociation class="oracle.dbtools.crest.model.design.relational.FKIndexAssociation" directorySegmentName="seg_0" id="B4FB8EB2-AAE9-1769-A6D2-DA2343D1444F" containerWithKeyObject="851F990F-E5C2-D569-CD62-B683A775E595" localFKIndex="6A23A045-64D6-F633-2DFB-D0B86F9D525A" name="EMPLEADO_CONTRATO_FK">
<createdBy>Y409-PCXX</createdBy>
<createdTime>2024-10-24 14:44:42 UTC</createdTime>
<generatorID>784953EA-F55F-07CF-1774-F936FF099D27</generatorID>
<ownerDesignName>Caso2_modelo</ownerDesignName>
<referredTableLongName>CONTRATO</referredTableLongName>
<deleteRule>NO ACTION</deleteRule>
<referredTableID>09C0E105-253E-2556-D181-A5039CBFA088</referredTableID>
<keyObject>8EEAE1D9-A1D4-BB68-7F74-A7D13C4570F5</keyObject>
<referredKeyID>8EEAE1D9-A1D4-BB68-7F74-A7D13C4570F5</referredKeyID>
<mandatory>true</mandatory>
<refColNames>CONTRATO_ID</refColNames>
<transferable>true</transferable>
<rely>false</rely>
<columnDependencyConstraintGenerateInDDL>true</columnDependencyConstraintGenerateInDDL>
</FKIndexAssociation>