<?xml version = '1.0' encoding = 'UTF-8'?>
<FKIndexAssociation class="oracle.dbtools.crest.model.design.relational.FKIndexAssociation" directorySegmentName="seg_0" id="E0F57956-9D12-880F-0A0E-5138B703368B" containerWithKeyObject="D1E1262C-35CA-0233-B685-4901B8CBE1A3" localFKIndex="B5A0A693-09EF-8609-9F8A-65B99ABB6A3D" name="SOLICITUD_LIBRO_FK">
<createdBy>Y409-PCXX</createdBy>
<createdTime>2024-10-24 14:44:42 UTC</createdTime>
<generatorID>273C6A31-F536-CAC5-AE6D-C2930B366525</generatorID>
<ownerDesignName>Caso2_modelo</ownerDesignName>
<referredTableLongName>LIBRO</referredTableLongName>
<deleteRule>NO ACTION</deleteRule>
<referredTableID>B785D149-95F2-0EDD-3D85-90AE601E3217</referredTableID>
<keyObject>CD959C33-086D-151F-2E28-0565BED300D9</keyObject>
<referredKeyID>CD959C33-086D-151F-2E28-0565BED300D9</referredKeyID>
<mandatory>true</mandatory>
<refColNames>isbn</refColNames>
<transferable>true</transferable>
<rely>false</rely>
<columnDependencyConstraintGenerateInDDL>true</columnDependencyConstraintGenerateInDDL>
</FKIndexAssociation>