<?xml version = '1.0' encoding = 'UTF-8'?>
<FKIndexAssociation class="oracle.dbtools.crest.model.design.relational.FKIndexAssociation" directorySegmentName="seg_0" id="E6CEABD2-9391-B7CD-7817-E8CB957C3F7F" containerWithKeyObject="02ACE49D-F775-1F97-B21D-70B65BF7E282" localFKIndex="E0703103-AE11-A1B8-11A3-08EF63B6FA9A" name="PRESTAMO_CLIENTE_FK">
<createdBy>Y409-PCXX</createdBy>
<createdTime>2024-10-24 14:44:42 UTC</createdTime>
<generatorID>0FC6546C-E45B-0C20-863E-4F4AC4427E27</generatorID>
<ownerDesignName>Caso2_modelo</ownerDesignName>
<referredTableLongName>CLIENTE</referredTableLongName>
<deleteRule>NO ACTION</deleteRule>
<referredTableID>1BEA6FD4-FBF3-DCF4-94CF-07043B4810F3</referredTableID>
<keyObject>6F8535B1-6C17-B9EA-877F-1CDE1FBF5B20</keyObject>
<referredKeyID>6F8535B1-6C17-B9EA-877F-1CDE1FBF5B20</referredKeyID>
<mandatory>true</mandatory>
<refColNames>rut</refColNames>
<transferable>true</transferable>
<rely>false</rely>
<columnDependencyConstraintGenerateInDDL>true</columnDependencyConstraintGenerateInDDL>
</FKIndexAssociation>